epoch,loss,train_acc
1,1.1007648706436157,0.36900826446280993
2,2.5291993618011475,0.33512396694214874
3,2.113323450088501,0.40702479338842973
4,3.6917810440063477,0.293801652892562
5,1.96945321559906,0.3995867768595041
6,2.4199864864349365,0.38016528925619836
7,1.3787400722503662,0.378099173553719
8,1.1607335805892944,0.5330578512396694
9,1.2244181632995605,0.6165289256198347
10,0.7494710683822632,0.6367768595041322
11,1.006487488746643,0.7082644628099174
12,0.640629231929779,0.7111570247933884
13,0.6889994144439697,0.7181818181818181
14,0.6519297957420349,0.7417355371900827
15,0.5787545442581177,0.7537190082644628
16,0.5047617554664612,0.8161157024793388
17,0.4894077181816101,0.8442148760330579
18,0.4054620862007141,0.8768595041322315
19,0.4889788031578064,0.8351239669421487
20,0.6756411790847778,0.7553719008264462
21,0.4070284366607666,0.8752066115702479
22,0.517072856426239,0.8446280991735537
23,0.4928026497364044,0.8487603305785124
24,0.40955856442451477,0.8909090909090909
25,0.41275668144226074,0.8847107438016529
26,0.4185035526752472,0.8776859504132232
27,0.36299562454223633,0.8863636363636364
28,0.36334192752838135,0.8797520661157024
29,0.3473666310310364,0.8950413223140495
30,0.35708311200141907,0.9074380165289256
31,0.3485276997089386,0.9020661157024793
32,0.3446601927280426,0.9004132231404959
33,0.30388733744621277,0.8950413223140495
34,1.2592787742614746,0.8710743801652893
35,0.29178303480148315,0.9107438016528926
36,0.2867599427700043,0.9045454545454545
37,0.2781532406806946,0.9206611570247933
38,0.283128947019577,0.9136363636363637
39,0.2881080210208893,0.9012396694214876
40,0.2878761887550354,0.9045454545454545
41,0.27081170678138733,0.9152892561983471
42,0.2600072920322418,0.9194214876033058
43,0.23997724056243896,0.9318181818181818
44,0.22664761543273926,0.9227272727272727
45,0.2539767920970917,0.9223140495867769
46,0.22998805344104767,0.9314049586776859
47,0.22984358668327332,0.9293388429752066
48,0.26222169399261475,0.9185950413223141
49,0.23244059085845947,0.9206611570247933
50,0.2192704826593399,0.9305785123966942
51,0.22495871782302856,0.9293388429752066
52,0.21512915194034576,0.9301652892561983
53,0.20009072124958038,0.9400826446280992
54,0.20182082056999207,0.9388429752066115
55,0.1963871419429779,0.9334710743801653
56,0.20065507292747498,0.9388429752066115
57,0.21352814137935638,0.9289256198347108
58,0.19613410532474518,0.9309917355371901
59,0.1948053389787674,0.9396694214876034
60,0.19135034084320068,0.9309917355371901
61,0.1812894493341446,0.9363636363636364
62,0.17524756491184235,0.9409090909090909
63,0.19772814214229584,0.9289256198347108
64,0.18956321477890015,0.9309917355371901
65,0.1916356086730957,0.9289256198347108
66,0.17270205914974213,0.9371900826446281
67,0.20013907551765442,0.9177685950413224
68,0.17881210148334503,0.9400826446280992
69,0.19793172180652618,0.9309917355371901
70,0.200902059674263,0.934297520661157
71,0.1808389127254486,0.9301652892561983
72,0.1982240080833435,0.9272727272727272
73,0.16295193135738373,0.937603305785124
74,0.18860389292240143,0.9359504132231405
75,0.16744983196258545,0.947107438016529
76,0.18730653822422028,0.937603305785124
77,0.19015184044837952,0.9355371900826446
78,0.17208674550056458,0.9392561983471074
79,0.16863079369068146,0.9446280991735537
80,0.18928968906402588,0.9260330578512397
81,0.16439799964427948,0.937603305785124
82,0.1603846400976181,0.943801652892562
83,0.1674085110425949,0.9392561983471074
84,0.17141865193843842,0.9347107438016529
85,0.16962063312530518,0.9371900826446281
86,0.15805238485336304,0.9446280991735537
87,0.17595677077770233,0.9338842975206612
88,0.15481501817703247,0.9425619834710743
89,0.16665053367614746,0.9363636363636364
90,0.17942962050437927,0.9380165289256198
91,0.15945746004581451,0.937603305785124
92,0.18104715645313263,0.9371900826446281
93,0.15366524457931519,0.9433884297520662
94,0.17341867089271545,0.9305785123966942
95,0.1589784175157547,0.9380165289256198
96,0.169973686337471,0.9305785123966942
97,0.18555447459220886,0.9363636363636364
98,0.2007213830947876,0.928099173553719
99,0.17855563759803772,0.9384297520661157
100,0.20243482291698456,0.9330578512396694
101,0.19357812404632568,0.9260330578512397
102,0.2050747275352478,0.9214876033057852
103,0.16336576640605927,0.9384297520661157
104,0.1566854864358902,0.95
105,0.17207841575145721,0.9371900826446281
106,0.17338547110557556,0.9347107438016529
107,0.17604298889636993,0.9305785123966942
108,0.17679646611213684,0.9384297520661157
109,0.172060027718544,0.9305785123966942
110,0.1651429682970047,0.9347107438016529
111,0.16164907813072205,0.9359504132231405
112,0.16720223426818848,0.9384297520661157
113,0.1613379567861557,0.937603305785124
114,0.1560381054878235,0.9404958677685951
115,0.16773290932178497,0.9297520661157025
116,0.15489833056926727,0.9409090909090909
117,0.15057606995105743,0.9429752066115702
118,0.14953699707984924,0.9454545454545454
119,0.17117369174957275,0.934297520661157
120,0.15150600671768188,0.9446280991735537
121,0.15166360139846802,0.9400826446280992
122,0.16000574827194214,0.934297520661157
123,0.14119870960712433,0.9454545454545454
124,0.14231452345848083,0.943801652892562
125,0.1351011097431183,0.9516528925619835
126,0.15046045184135437,0.9413223140495868
127,0.1434531956911087,0.9446280991735537
128,0.14386719465255737,0.9442148760330579
129,0.1313151866197586,0.9516528925619835
130,0.13280229270458221,0.95
131,0.13886627554893494,0.9425619834710743
132,0.1300102323293686,0.9483471074380165
133,0.1362539827823639,0.9491735537190082
134,0.13416346907615662,0.9454545454545454
135,0.1425115317106247,0.9446280991735537
136,0.13906364142894745,0.9409090909090909
137,0.14228332042694092,0.9442148760330579
138,0.13534775376319885,0.9371900826446281
139,0.12897978723049164,0.9454545454545454
140,0.16528940200805664,0.9371900826446281
141,0.1339893937110901,0.9458677685950413
142,0.14748676121234894,0.9334710743801653
143,0.1348627805709839,0.9446280991735537
144,0.13520123064517975,0.9475206611570248
145,0.14597885310649872,0.9462809917355371
146,0.12054084241390228,0.9549586776859504
147,0.14229479432106018,0.9450413223140496
148,0.12980973720550537,0.9475206611570248
149,0.1383844017982483,0.9446280991735537
150,0.139706090092659,0.9421487603305785
151,0.1390102356672287,0.9425619834710743
152,0.1329735964536667,0.937603305785124
153,0.12826776504516602,0.9454545454545454
154,0.134484201669693,0.9516528925619835
155,0.13889627158641815,0.9404958677685951
156,0.13259267807006836,0.9425619834710743
157,0.13429953157901764,0.9462809917355371
158,0.13652750849723816,0.9462809917355371
159,0.1336948722600937,0.9446280991735537
160,0.12091929465532303,0.9516528925619835
161,0.13533085584640503,0.9413223140495868
162,0.11474935710430145,0.9495867768595041
163,0.12666380405426025,0.9491735537190082
164,0.13035143911838531,0.9450413223140496
165,0.13031060993671417,0.9413223140495868
166,0.13538621366024017,0.9404958677685951
167,0.1284719556570053,0.9458677685950413
168,0.133528932929039,0.943801652892562
169,0.11690792441368103,0.9537190082644628
170,0.12832587957382202,0.9475206611570248
171,0.13983792066574097,0.9371900826446281
172,0.12811686098575592,0.9433884297520662
173,0.1424277275800705,0.9417355371900826
174,0.11797509342432022,0.947107438016529
175,0.12900882959365845,0.9429752066115702
176,0.12101408839225769,0.9487603305785124
177,0.12526842951774597,0.9479338842975207
178,0.13159716129302979,0.9454545454545454
179,0.12523967027664185,0.9495867768595041
180,0.1278424859046936,0.943801652892562
181,0.1243041604757309,0.9462809917355371
182,0.12129340320825577,0.95
183,0.1180550828576088,0.9442148760330579
184,0.11367563158273697,0.9495867768595041
185,0.10943587124347687,0.9545454545454546
186,0.1224716305732727,0.9475206611570248
187,0.11499105393886566,0.9487603305785124
188,0.11571697890758514,0.9504132231404959
189,0.12907882034778595,0.9425619834710743
190,0.12723228335380554,0.9462809917355371
191,0.1212974488735199,0.9495867768595041
192,0.13275602459907532,0.9384297520661157
193,0.1248573362827301,0.9425619834710743
194,0.1280939131975174,0.9404958677685951
195,0.10511031001806259,0.956198347107438
196,0.1224459558725357,0.9479338842975207
197,0.13029129803180695,0.9454545454545454
198,0.12297897785902023,0.9466942148760331
199,0.1177438497543335,0.9508264462809918
200,0.1113576740026474,0.9553719008264463
201,0.12530900537967682,0.9462809917355371
202,0.1334996521472931,0.9404958677685951
203,0.13121041655540466,0.9454545454545454
204,0.12537062168121338,0.9512396694214876
205,0.1259433776140213,0.9462809917355371
206,0.12081439793109894,0.9520661157024793
207,0.11865931749343872,0.95
208,0.11101847141981125,0.9487603305785124
209,0.1250205785036087,0.9454545454545454
210,0.12485380470752716,0.9380165289256198
211,0.1208864077925682,0.9446280991735537
212,0.1181722953915596,0.9425619834710743
213,0.10854798555374146,0.9590909090909091
214,0.11952219903469086,0.9520661157024793
215,0.11082225292921066,0.9553719008264463
216,0.11437124758958817,0.9516528925619835
217,0.11943989992141724,0.9417355371900826
218,0.121925950050354,0.9475206611570248
219,0.12094928324222565,0.9487603305785124
220,0.12662962079048157,0.9396694214876034
221,0.10768888145685196,0.947107438016529
222,0.12239917367696762,0.947107438016529
223,0.11658592522144318,0.9512396694214876
224,0.1245579645037651,0.9417355371900826
225,0.1172003224492073,0.95
226,0.10739844292402267,0.9574380165289256
227,0.11396480351686478,0.9508264462809918
228,0.11459037661552429,0.9495867768595041
229,0.12055590748786926,0.9450413223140496
230,0.12386775016784668,0.9512396694214876
231,0.12896203994750977,0.9400826446280992
232,0.11337176710367203,0.9479338842975207
233,0.13361307978630066,0.9413223140495868
234,0.12143205106258392,0.9475206611570248
235,0.13881173729896545,0.9334710743801653
236,0.11324290186166763,0.9491735537190082
237,0.12196934968233109,0.9466942148760331
238,0.13551943004131317,0.9367768595041323
239,0.12104351073503494,0.9433884297520662
240,0.13293179869651794,0.9429752066115702
241,0.13622644543647766,0.9400826446280992
242,0.11846371740102768,0.943801652892562
243,0.11609798669815063,0.947107438016529
244,0.12741126120090485,0.9425619834710743
245,0.11118261516094208,0.9545454545454546
246,0.12765038013458252,0.9413223140495868
247,0.11968123912811279,0.9516528925619835
248,0.1243346631526947,0.9479338842975207
249,0.12038658559322357,0.9504132231404959
250,0.11897971481084824,0.9446280991735537
251,0.11841845512390137,0.9454545454545454
252,0.10588965564966202,0.9557851239669422
253,0.12248610705137253,0.9409090909090909
254,0.10717599093914032,0.9508264462809918
255,0.1266425997018814,0.9392561983471074
256,0.11293753981590271,0.9483471074380165
257,0.11620680242776871,0.9491735537190082
258,0.12383157759904861,0.9429752066115702
259,0.10988228768110275,0.9504132231404959
260,0.1272815614938736,0.9446280991735537
261,0.11071566492319107,0.9520661157024793
262,0.11478602886199951,0.9495867768595041
263,0.1120556890964508,0.9487603305785124
264,0.11257828772068024,0.9520661157024793
265,0.11071477085351944,0.9623966942148761
266,0.11733122169971466,0.9446280991735537
267,0.12551534175872803,0.9409090909090909
268,0.10829874873161316,0.9475206611570248
269,0.13472755253314972,0.9367768595041323
270,0.12055470049381256,0.9433884297520662
271,0.09907162189483643,0.9549586776859504
272,0.11014911532402039,0.9409090909090909
273,0.12202437222003937,0.9524793388429752
274,0.11120235919952393,0.9545454545454546
275,0.10648486018180847,0.956198347107438
276,0.12228123843669891,0.9396694214876034
277,0.13857141137123108,0.9384297520661157
278,0.10368628054857254,0.9541322314049587
279,0.12054146826267242,0.9400826446280992
280,0.11566071212291718,0.9512396694214876
281,0.11591657251119614,0.9483471074380165
282,0.10812553018331528,0.9537190082644628
283,0.1033569872379303,0.9504132231404959
284,0.1219746470451355,0.9404958677685951
285,0.10747680813074112,0.9520661157024793
286,0.1216716393828392,0.9409090909090909
287,0.11081857979297638,0.9487603305785124
288,0.12643027305603027,0.9388429752066115
289,0.11777286976575851,0.9495867768595041
290,0.10647031664848328,0.95
291,0.1161830797791481,0.9487603305785124
292,0.10318802297115326,0.95
293,0.10997946560382843,0.9466942148760331
294,0.11365294456481934,0.9466942148760331
295,0.09946540743112564,0.9537190082644628
296,0.09900066256523132,0.9549586776859504
297,0.11259179562330246,0.9450413223140496
298,0.11688197404146194,0.9442148760330579
299,0.1050805076956749,0.952892561983471
300,0.10844507068395615,0.9479338842975207
301,0.10980024188756943,0.95
302,0.11369740217924118,0.9479338842975207
303,0.10345511883497238,0.9508264462809918
304,0.12303520739078522,0.9404958677685951
305,0.10935139656066895,0.9491735537190082
306,0.10056967288255692,0.9520661157024793
307,0.11586322635412216,0.9549586776859504
308,0.10221461951732635,0.9557851239669422
309,0.12545990943908691,0.9409090909090909
310,0.11122933030128479,0.9504132231404959
311,0.10846318304538727,0.9512396694214876
312,0.11346479505300522,0.9487603305785124
313,0.1160740852355957,0.952892561983471
314,0.11080975830554962,0.9512396694214876
315,0.11265372484922409,0.9495867768595041
316,0.11569277197122574,0.9479338842975207
317,0.10849001258611679,0.9512396694214876
318,0.11168231815099716,0.9466942148760331
319,0.1087951809167862,0.9516528925619835
320,0.09761789441108704,0.9516528925619835
321,0.11476894468069077,0.9446280991735537
322,0.10416033118963242,0.9537190082644628
323,0.09828910231590271,0.9586776859504132
324,0.10451580584049225,0.9603305785123967
325,0.11286657303571701,0.9458677685950413
326,0.10400570183992386,0.9495867768595041
327,0.10836196690797806,0.9508264462809918
328,0.11276864260435104,0.947107438016529
329,0.1118929386138916,0.9462809917355371
330,0.11016829311847687,0.9549586776859504
331,0.12310875207185745,0.9475206611570248
332,0.11756527423858643,0.9442148760330579
333,0.1123431846499443,0.9491735537190082
334,0.10843978822231293,0.9504132231404959
335,0.11362888664007187,0.9487603305785124
336,0.10387672483921051,0.9512396694214876
337,0.11844240128993988,0.943801652892562
338,0.12123819440603256,0.9409090909090909
339,0.10460615158081055,0.9495867768595041
340,0.10017421841621399,0.9516528925619835
341,0.10517848283052444,0.9508264462809918
342,0.09793107956647873,0.9512396694214876
343,0.10356499999761581,0.9487603305785124
344,0.12173821032047272,0.9429752066115702
345,0.10307390242815018,0.9553719008264463
346,0.10268156230449677,0.9520661157024793
347,0.09373277425765991,0.956198347107438
348,0.1087505891919136,0.9508264462809918
349,0.10041625052690506,0.9541322314049587
350,0.10582274198532104,0.9549586776859504
351,0.1105438843369484,0.943801652892562
352,0.11702058464288712,0.9442148760330579
353,0.10811048746109009,0.9475206611570248
354,0.10338039696216583,0.9533057851239669
355,0.0966893881559372,0.959504132231405
356,0.10387290269136429,0.95
357,0.09975837171077728,0.9549586776859504
358,0.10386700928211212,0.9545454545454546
359,0.1033264696598053,0.9524793388429752
360,0.08693962544202805,0.959504132231405
361,0.10692135244607925,0.9487603305785124
362,0.10843939334154129,0.9541322314049587
363,0.1032576933503151,0.9504132231404959
364,0.09719481319189072,0.956198347107438
365,0.09409782290458679,0.9570247933884297
366,0.09623390436172485,0.956198347107438
367,0.10453714430332184,0.95
368,0.09412450343370438,0.956198347107438
369,0.10216812789440155,0.9549586776859504
370,0.09972863644361496,0.9541322314049587
371,0.10076452791690826,0.9533057851239669
372,0.0932936817407608,0.9574380165289256
373,0.10859822481870651,0.9512396694214876
374,0.11266990005970001,0.95
375,0.10393484681844711,0.9458677685950413
376,0.11558088660240173,0.9495867768595041
377,0.09292568266391754,0.9574380165289256
378,0.10102904587984085,0.9533057851239669
379,0.1073499321937561,0.9516528925619835
380,0.1042332798242569,0.9524793388429752
381,0.10396897792816162,0.9533057851239669
382,0.1073417216539383,0.9466942148760331
383,0.09745265543460846,0.9541322314049587
384,0.0982145294547081,0.9516528925619835
385,0.1081353947520256,0.9483471074380165
386,0.10149047523736954,0.9495867768595041
387,0.10633186995983124,0.9483471074380165
388,0.1033824011683464,0.9516528925619835
389,0.09788014739751816,0.9549586776859504
390,0.09888005256652832,0.9582644628099174
391,0.09595637768507004,0.9512396694214876
392,0.0960836336016655,0.9520661157024793
393,0.0929669588804245,0.9545454545454546
394,0.10289017856121063,0.9545454545454546
395,0.1242232397198677,0.9475206611570248
396,0.09600139409303665,0.9537190082644628
397,0.09423515200614929,0.9615702479338843
398,0.09212180227041245,0.9545454545454546
399,0.1033078134059906,0.9549586776859504
400,0.09845573455095291,0.952892561983471
401,0.10336333513259888,0.9553719008264463
402,0.10707077383995056,0.9487603305785124
403,0.10107368975877762,0.9570247933884297
404,0.097477026283741,0.9549586776859504
405,0.09530136734247208,0.9541322314049587
406,0.10420316457748413,0.9495867768595041
407,0.10682317614555359,0.9516528925619835
408,0.10575538128614426,0.9508264462809918
409,0.10405636578798294,0.9533057851239669
410,0.09451588988304138,0.9607438016528925
411,0.09960964322090149,0.9495867768595041
412,0.1065974235534668,0.9533057851239669
413,0.09954705089330673,0.9520661157024793
414,0.08665475994348526,0.9582644628099174
415,0.10761743038892746,0.9504132231404959
416,0.10297904163599014,0.95
417,0.09233415871858597,0.956198347107438
418,0.08926088362932205,0.9582644628099174
419,0.1043635830283165,0.9508264462809918
420,0.08634053170681,0.9615702479338843
421,0.0997786894440651,0.9533057851239669
422,0.10859793424606323,0.9483471074380165
423,0.10533853620290756,0.9504132231404959
424,0.1101236641407013,0.9433884297520662
425,0.10559246689081192,0.956198347107438
426,0.10341720283031464,0.9578512396694215
427,0.10375146567821503,0.9495867768595041
428,0.10017237812280655,0.9479338842975207
429,0.10147716104984283,0.9491735537190082
430,0.0997357964515686,0.9508264462809918
431,0.09947212040424347,0.9508264462809918
432,0.09333956241607666,0.9599173553719008
433,0.09675636142492294,0.9574380165289256
434,0.09212134778499603,0.9623966942148761
435,0.11499778926372528,0.9429752066115702
436,0.10410512983798981,0.9520661157024793
437,0.09172552824020386,0.9619834710743802
438,0.1002596914768219,0.9508264462809918
439,0.09959836304187775,0.9570247933884297
440,0.10753362625837326,0.9475206611570248
441,0.09738846868276596,0.9582644628099174
442,0.10035666823387146,0.9520661157024793
443,0.09530830383300781,0.9541322314049587
444,0.09485845267772675,0.9533057851239669
445,0.0975566878914833,0.9574380165289256
446,0.09839668869972229,0.952892561983471
447,0.09069658070802689,0.9628099173553719
448,0.11070874333381653,0.9483471074380165
449,0.09661632031202316,0.9545454545454546
450,0.09738253802061081,0.9586776859504132
451,0.0995553731918335,0.9512396694214876
452,0.1035531610250473,0.9479338842975207
453,0.10835297405719757,0.9417355371900826
454,0.10520673543214798,0.9487603305785124
455,0.10638628154993057,0.9458677685950413
456,0.10296106338500977,0.9454545454545454
457,0.11072488874197006,0.9450413223140496
458,0.08745326846837997,0.9590909090909091
459,0.09904907643795013,0.9524793388429752
460,0.10237636417150497,0.9628099173553719
461,0.10386279970407486,0.9574380165289256
462,0.1045847088098526,0.9533057851239669
463,0.09220965951681137,0.9574380165289256
464,0.10818448662757874,0.9537190082644628
465,0.09938523173332214,0.9607438016528925
466,0.08980070799589157,0.956198347107438
467,0.09974405169487,0.9454545454545454
468,0.12106268852949142,0.9404958677685951
469,0.09526762366294861,0.9603305785123967
470,0.09108783304691315,0.9590909090909091
471,0.10518636554479599,0.9491735537190082
472,0.10610435158014297,0.9533057851239669
473,0.0927887037396431,0.9508264462809918
474,0.09557262808084488,0.9590909090909091
475,0.10219596326351166,0.9487603305785124
476,0.08318568021059036,0.9652892561983472
477,0.10154391080141068,0.95
478,0.09819670766592026,0.9574380165289256
479,0.08836184442043304,0.9607438016528925
480,0.09892397373914719,0.9520661157024793
481,0.10493490099906921,0.9574380165289256
482,0.10322798788547516,0.9533057851239669
483,0.10632158815860748,0.9495867768595041
484,0.08283223956823349,0.9570247933884297
485,0.10608634352684021,0.947107438016529
486,0.10300995409488678,0.9533057851239669
487,0.09777659177780151,0.9549586776859504
488,0.1138341873884201,0.9450413223140496
489,0.09233488887548447,0.9586776859504132
490,0.10782604664564133,0.9462809917355371
491,0.09288415312767029,0.9611570247933884
492,0.10357098281383514,0.9557851239669422
493,0.10451354831457138,0.952892561983471
494,0.09962152689695358,0.952892561983471
495,0.09742913395166397,0.9566115702479339
496,0.09179849177598953,0.9574380165289256
497,0.09278605133295059,0.956198347107438
498,0.10861188173294067,0.9545454545454546
499,0.09956443309783936,0.9504132231404959
500,0.09461969137191772,0.959504132231405
1,1.0953004360198975,0.4041322314049587
2,1.0784029960632324,0.3706611570247934
3,0.9766865968704224,0.5239669421487604
4,0.794033944606781,0.7607438016528926
5,0.5104425549507141,0.843801652892562
6,0.9250991940498352,0.552892561983471
7,1.0280961990356445,0.6595041322314049
8,0.3338443338871002,0.8900826446280992
9,0.3947775959968567,0.7822314049586777
10,0.34213513135910034,0.8830578512396694
11,0.39106711745262146,0.8619834710743801
12,0.20895996689796448,0.9413223140495868
13,0.20449988543987274,0.9417355371900826
14,0.2696777284145355,0.9082644628099174
15,0.20988795161247253,0.9314049586776859
16,0.18860679864883423,0.9371900826446281
17,0.2014872282743454,0.937603305785124
18,0.1441594660282135,0.9533057851239669
19,0.12692704796791077,0.9599173553719008
20,0.17135725915431976,0.9314049586776859
21,0.15649911761283875,0.9400826446280992
22,0.1320050209760666,0.9586776859504132
23,0.13015156984329224,0.9557851239669422
24,0.1199071854352951,0.9578512396694215
25,0.09927428513765335,0.9673553719008264
26,0.09376548230648041,0.968595041322314
27,0.09170608222484589,0.9681818181818181
28,0.0982198491692543,0.9681818181818181
29,0.08616666495800018,0.9714876033057851
30,0.07964541763067245,0.9739669421487603
31,0.08299245685338974,0.9727272727272728
32,0.07373803853988647,0.9776859504132231
33,0.06612349301576614,0.9789256198347107
34,0.06664728373289108,0.9805785123966942
35,0.06493854522705078,0.9801652892561984
36,0.0687851831316948,0.9772727272727273
37,0.054239671677351,0.984297520661157
38,0.06125674769282341,0.9834710743801653
39,0.05891164392232895,0.9847107438016529
40,0.056663110852241516,0.9851239669421488
41,0.04948393628001213,0.9871900826446282
42,0.051454756408929825,0.9847107438016529
43,0.052916962653398514,0.9809917355371901
44,0.04794464632868767,0.9871900826446282
45,0.04927542805671692,0.9863636363636363
46,0.04840466380119324,0.9863636363636363
47,0.04116133227944374,0.987603305785124
48,0.041630107909440994,0.987603305785124
49,0.038123004138469696,0.9884297520661157
50,0.03816467523574829,0.9892561983471074
51,0.03603872284293175,0.9892561983471074
52,0.036769114434719086,0.9888429752066116
53,0.035029374063014984,0.9880165289256199
54,0.035287681967020035,0.9859504132231405
55,0.03260180354118347,0.9892561983471074
56,0.03281470760703087,0.9913223140495868
57,0.03168867155909538,0.9921487603305785
58,0.02849370799958706,0.9896694214876033
59,0.028649332001805305,0.9917355371900827
60,0.027867669239640236,0.9929752066115702
61,0.027906367555260658,0.9913223140495868
62,0.025846147909760475,0.990909090909091
63,0.024320807307958603,0.9925619834710744
64,0.02376513183116913,0.9929752066115702
65,0.025742070749402046,0.9896694214876033
66,0.02235693670809269,0.9929752066115702
67,0.025912053883075714,0.9900826446280991
68,0.024462183937430382,0.9913223140495868
69,0.02462552674114704,0.9913223140495868
70,0.023681962862610817,0.9913223140495868
71,0.024470916017889977,0.9933884297520661
72,0.022626271471381187,0.9917355371900827
73,0.020640145987272263,0.9929752066115702
74,0.019598979502916336,0.993801652892562
75,0.023851921781897545,0.990495867768595
76,0.02877148985862732,0.9900826446280991
77,0.025262076407670975,0.9896694214876033
78,0.02244124375283718,0.9900826446280991
79,0.021316736936569214,0.9933884297520661
80,0.022653575986623764,0.9925619834710744
81,0.020081505179405212,0.9929752066115702
82,0.025046568363904953,0.9913223140495868
83,0.03999948129057884,0.9855371900826446
84,0.13643383979797363,0.9524793388429752
85,0.5501945614814758,0.8400826446280992
86,1.8057653903961182,0.709504132231405
87,0.5529192686080933,0.8235537190082645
88,0.08183644711971283,0.9743801652892562
89,0.8072940707206726,0.7165289256198347
90,0.08116202056407928,0.9838842975206612
91,0.18162599205970764,0.9293388429752066
92,0.3556968867778778,0.8367768595041323
93,0.2582460641860962,0.890495867768595
94,0.18713267147541046,0.9297520661157025
95,0.10907219350337982,0.9673553719008264
96,0.10403281450271606,0.9743801652892562
97,0.13798788189888,0.9549586776859504
98,0.1192440539598465,0.9632231404958678
99,0.10228365659713745,0.9644628099173553
100,0.10691504180431366,0.9636363636363636
101,0.0915190652012825,0.96900826446281
102,0.06608445942401886,0.9809917355371901
103,0.07079410552978516,0.9776859504132231
104,0.07395107299089432,0.9727272727272728
105,0.07639800757169724,0.9731404958677686
106,0.06574621796607971,0.9785123966942149
107,0.060324255377054214,0.981404958677686
108,0.05534958094358444,0.9834710743801653
109,0.0563834011554718,0.9818181818181818
110,0.05277279391884804,0.9847107438016529
111,0.05357750505208969,0.9822314049586777
112,0.05153433978557587,0.9830578512396694
113,0.06793332099914551,0.9801652892561984
114,0.04706702381372452,0.9826446280991735
115,0.049490150064229965,0.9851239669421488
116,0.04947632923722267,0.9855371900826446
117,0.0411345474421978,0.9863636363636363
118,0.045402027666568756,0.9855371900826446
119,0.037162959575653076,0.9871900826446282
120,0.03942440450191498,0.9884297520661157
121,0.03984846547245979,0.9859504132231405
122,0.04470987617969513,0.9855371900826446
123,0.03894553333520889,0.9867768595041322
124,0.0382918044924736,0.9867768595041322
125,0.035652123391628265,0.9888429752066116
126,0.03492340072989464,0.9900826446280991
127,0.03774549812078476,0.9855371900826446
128,0.035462576895952225,0.987603305785124
129,0.03533691167831421,0.9884297520661157
130,0.03186476230621338,0.990909090909091
131,0.03355850651860237,0.9888429752066116
132,0.036335352808237076,0.9855371900826446
133,0.03443203493952751,0.9880165289256199
134,0.030501555651426315,0.9913223140495868
135,0.034596092998981476,0.990495867768595
136,0.031072884798049927,0.9892561983471074
137,0.030450528487563133,0.9900826446280991
138,0.028442515060305595,0.9896694214876033
139,0.03101067990064621,0.9888429752066116
140,0.030044879764318466,0.9888429752066116
141,0.027773799374699593,0.9896694214876033
142,0.02674870379269123,0.9900826446280991
143,0.028944410383701324,0.9896694214876033
144,0.028795160353183746,0.9896694214876033
145,0.027848144993185997,0.990495867768595
146,0.0283711776137352,0.990909090909091
147,0.026430265977978706,0.9892561983471074
148,0.027991347014904022,0.9896694214876033
149,0.026492703706026077,0.9896694214876033
150,0.024339543655514717,0.9917355371900827
151,0.025898046791553497,0.990495867768595
152,0.026726247742772102,0.990495867768595
153,0.025166388601064682,0.9921487603305785
154,0.025519397109746933,0.9925619834710744
155,0.02456708997488022,0.9900826446280991
156,0.0224734079092741,0.9913223140495868
157,0.026106858626008034,0.9888429752066116
158,0.02534513920545578,0.990909090909091
159,0.02324323169887066,0.9917355371900827
160,0.0230578500777483,0.9900826446280991
161,0.02438831701874733,0.9896694214876033
162,0.025942720472812653,0.9913223140495868
163,0.022393783554434776,0.9925619834710744
164,0.02370179444551468,0.9917355371900827
165,0.024456439539790154,0.990909090909091
166,0.023955628275871277,0.9917355371900827
167,0.02313419058918953,0.9925619834710744
168,0.023973751813173294,0.990909090909091
169,0.024084828794002533,0.9917355371900827
170,0.02451545186340809,0.9896694214876033
171,0.022815926000475883,0.9917355371900827
172,0.021205967292189598,0.9933884297520661
173,0.0263602863997221,0.9892561983471074
174,0.023588042706251144,0.9917355371900827
175,0.0241700392216444,0.9925619834710744
176,0.021165629848837852,0.9917355371900827
177,0.0224554892629385,0.9925619834710744
178,0.02015385776758194,0.9925619834710744
179,0.022498123347759247,0.9917355371900827
180,0.020936869084835052,0.9929752066115702
181,0.02346111088991165,0.990909090909091
182,0.020498553290963173,0.9942148760330578
183,0.021301591768860817,0.9925619834710744
184,0.022765444591641426,0.990909090909091
185,0.022069133818149567,0.9921487603305785
186,0.02169513702392578,0.9929752066115702
187,0.021600879728794098,0.9929752066115702
188,0.02020525373518467,0.9929752066115702
189,0.019398048520088196,0.9921487603305785
190,0.020687026903033257,0.993801652892562
191,0.021294506266713142,0.9933884297520661
192,0.018391884863376617,0.9933884297520661
193,0.021916793659329414,0.9921487603305785
194,0.020105278119444847,0.9921487603305785
195,0.019339166581630707,0.9933884297520661
196,0.021062245592474937,0.9929752066115702
197,0.019695531576871872,0.9929752066115702
198,0.021774020045995712,0.9925619834710744
199,0.02104860730469227,0.9921487603305785
200,0.02456914819777012,0.990909090909091
201,0.02540535479784012,0.987603305785124
202,0.020428748801350594,0.9921487603305785
203,0.021944960579276085,0.9921487603305785
204,0.020604439079761505,0.9933884297520661
205,0.02029222622513771,0.9925619834710744
206,0.03421153873205185,0.9892561983471074
207,0.0183228999376297,0.9925619834710744
208,0.02895520068705082,0.9892561983471074
209,0.02231702022254467,0.9921487603305785
210,0.018453722819685936,0.9942148760330578
211,0.02205047942698002,0.9921487603305785
212,0.02001047693192959,0.9929752066115702
213,0.019898412749171257,0.9913223140495868
214,0.02187005616724491,0.9929752066115702
215,0.022274333983659744,0.9917355371900827
216,0.020929604768753052,0.9925619834710744
217,0.020977839827537537,0.9925619834710744
218,0.02034672349691391,0.9925619834710744
219,0.018860964104533195,0.993801652892562
220,0.019554777070879936,0.9929752066115702
221,0.019485751166939735,0.9929752066115702
222,0.021779969334602356,0.9925619834710744
223,0.019491923972964287,0.9921487603305785
224,0.020597318187355995,0.9929752066115702
225,0.0196492001414299,0.9929752066115702
226,0.019422559067606926,0.9925619834710744
227,0.017443016171455383,0.993801652892562
228,0.01843957230448723,0.9942148760330578
229,0.01791197806596756,0.9946280991735538
230,0.018262140452861786,0.9933884297520661
231,0.020008286461234093,0.993801652892562
232,0.01862683892250061,0.9942148760330578
233,0.01881241612136364,0.9942148760330578
234,0.01876997761428356,0.9929752066115702
235,0.019272195175290108,0.9921487603305785
236,0.018277037888765335,0.9929752066115702
237,0.017999369651079178,0.9942148760330578
238,0.020484304055571556,0.9929752066115702
239,0.01804634928703308,0.9917355371900827
240,0.018613452091813087,0.9933884297520661
241,0.018982205539941788,0.9925619834710744
242,0.019187647849321365,0.9933884297520661
243,0.018544772639870644,0.9925619834710744
244,0.01858065277338028,0.9933884297520661
245,0.01882513053715229,0.9921487603305785
246,0.01717320829629898,0.9925619834710744
247,0.020414112135767937,0.9933884297520661
248,0.01970277540385723,0.9929752066115702
249,0.018825655803084373,0.9925619834710744
250,0.020506352186203003,0.9933884297520661
251,0.02114470675587654,0.9925619834710744
252,0.02036532759666443,0.990909090909091
253,0.01802433840930462,0.9942148760330578
254,0.019712025299668312,0.9921487603305785
255,0.017111532390117645,0.9921487603305785
256,0.019227176904678345,0.9925619834710744
257,0.021848926320672035,0.9917355371900827
258,0.017056524753570557,0.9929752066115702
259,0.01897994987666607,0.9929752066115702
260,0.018954528495669365,0.9925619834710744
261,0.015645189210772514,0.9942148760330578
262,0.018231432884931564,0.9933884297520661
263,0.018997682258486748,0.9933884297520661
264,0.020778916776180267,0.9917355371900827
265,0.018543602898716927,0.9929752066115702
266,0.01832849532365799,0.9942148760330578
267,0.020856287330389023,0.9921487603305785
268,0.018586540594697,0.990909090909091
269,0.021082453429698944,0.9921487603305785
270,0.02277790568768978,0.990909090909091
271,0.016210926696658134,0.9946280991735538
272,0.016470570117235184,0.993801652892562
273,0.02626471407711506,0.9892561983471074
274,0.019071921706199646,0.990909090909091
275,0.02440132200717926,0.9917355371900827
276,0.022418981418013573,0.9917355371900827
277,0.016683228313922882,0.9929752066115702
278,0.01893410086631775,0.9917355371900827
279,0.02024112455546856,0.990909090909091
280,0.019386829808354378,0.9929752066115702
281,0.018061017617583275,0.9925619834710744
282,0.018315711989998817,0.9933884297520661
283,0.018099701032042503,0.993801652892562
284,0.017411375418305397,0.9933884297520661
285,0.018373539671301842,0.9921487603305785
286,0.018857652321457863,0.9929752066115702
287,0.017136236652731895,0.9925619834710744
288,0.016430217772722244,0.993801652892562
289,0.020022077485919,0.9925619834710744
290,0.020225724205374718,0.993801652892562
291,0.017048707231879234,0.9942148760330578
292,0.018734434619545937,0.9942148760330578
293,0.01734272949397564,0.993801652892562
294,0.017454253509640694,0.9925619834710744
295,0.016299504786729813,0.9925619834710744
296,0.017179399728775024,0.9946280991735538
297,0.01764364168047905,0.993801652892562
298,0.01678304187953472,0.9925619834710744
299,0.01575993373990059,0.9946280991735538
300,0.01964074745774269,0.9925619834710744
301,0.016759352758526802,0.9942148760330578
302,0.017690064385533333,0.9942148760330578
303,0.018301522359251976,0.9921487603305785
304,0.019411403685808182,0.9925619834710744
305,0.017840402200818062,0.9933884297520661
306,0.017942950129508972,0.9933884297520661
307,0.017197757959365845,0.993801652892562
308,0.01760781742632389,0.9929752066115702
309,0.016097698360681534,0.9946280991735538
310,0.01562437228858471,0.993801652892562
311,0.016080738976597786,0.993801652892562
312,0.01653527095913887,0.9946280991735538
313,0.018089696764945984,0.993801652892562
314,0.017637241631746292,0.9921487603305785
315,0.017105471342802048,0.9946280991735538
316,0.01857231929898262,0.9933884297520661
317,0.016244716942310333,0.9925619834710744
318,0.017427388578653336,0.9942148760330578
319,0.017949266359210014,0.9925619834710744
320,0.01637239195406437,0.993801652892562
321,0.01771140657365322,0.9933884297520661
322,0.017245203256607056,0.993801652892562
323,0.02057151310145855,0.990495867768595
324,0.01766347326338291,0.9921487603305785
325,0.016719724982976913,0.9942148760330578
326,0.01999039016664028,0.9913223140495868
327,0.0174825731664896,0.9942148760330578
328,0.016692649573087692,0.9946280991735538
329,0.018979119136929512,0.9892561983471074
330,0.018016567453742027,0.9933884297520661
331,0.01671057753264904,0.9933884297520661
332,0.016832254827022552,0.9933884297520661
333,0.019965415820479393,0.9929752066115702
334,0.0162173081189394,0.9946280991735538
335,0.016877755522727966,0.9942148760330578
336,0.018200520426034927,0.993801652892562
337,0.016142550855875015,0.9942148760330578
338,0.01560131087899208,0.9933884297520661
339,0.017279846593737602,0.9933884297520661
340,0.017289377748966217,0.9933884297520661
341,0.016408026218414307,0.9946280991735538
342,0.016208352521061897,0.9942148760330578
343,0.016026955097913742,0.9942148760330578
344,0.016016261652112007,0.9942148760330578
345,0.01809765212237835,0.993801652892562
346,0.017226634547114372,0.993801652892562
347,0.016469405964016914,0.9933884297520661
348,0.017451902851462364,0.9933884297520661
349,0.018758786842226982,0.9925619834710744
350,0.01620679907500744,0.993801652892562
351,0.016777925193309784,0.9946280991735538
352,0.017166446894407272,0.9933884297520661
353,0.01633278839290142,0.993801652892562
354,0.01710432767868042,0.9929752066115702
355,0.015240710228681564,0.9942148760330578
356,0.017767932265996933,0.9933884297520661
357,0.015568961389362812,0.9946280991735538
358,0.016260014846920967,0.9942148760330578
359,0.014777697622776031,0.9942148760330578
360,0.017836712300777435,0.9929752066115702
361,0.017675168812274933,0.993801652892562
362,0.01656247116625309,0.9942148760330578
363,0.01835051365196705,0.9925619834710744
364,0.015059455297887325,0.9942148760330578
365,0.017506491392850876,0.9921487603305785
366,0.016032880172133446,0.9942148760330578
367,0.01543284673243761,0.9950413223140496
368,0.017923152074217796,0.9925619834710744
369,0.015421601012349129,0.993801652892562
370,0.017596334218978882,0.9929752066115702
371,0.01723518595099449,0.993801652892562
372,0.015144217759370804,0.993801652892562
373,0.015058448538184166,0.9950413223140496
374,0.017712028697133064,0.9933884297520661
375,0.016087280586361885,0.9946280991735538
376,0.018364809453487396,0.9917355371900827
377,0.01593674160540104,0.993801652892562
378,0.01660735160112381,0.993801652892562
379,0.018212908878922462,0.9925619834710744
380,0.017721474170684814,0.9921487603305785
381,0.016977494582533836,0.9942148760330578
382,0.015965742990374565,0.9933884297520661
383,0.01567787304520607,0.9942148760330578
384,0.017477475106716156,0.993801652892562
385,0.01579599827528,0.9946280991735538
386,0.01740867830812931,0.993801652892562
387,0.016040503978729248,0.993801652892562
388,0.015886995941400528,0.993801652892562
389,0.015888679772615433,0.993801652892562
390,0.01704009436070919,0.9913223140495868
391,0.016244150698184967,0.9929752066115702
392,0.015814172104001045,0.9929752066115702
393,0.01656568981707096,0.9950413223140496
394,0.016413118690252304,0.993801652892562
395,0.017792832106351852,0.9946280991735538
396,0.014570479281246662,0.9958677685950413
397,0.01786099001765251,0.9929752066115702
398,0.016467878594994545,0.9933884297520661
399,0.01664123311638832,0.993801652892562
400,0.016188135370612144,0.993801652892562
401,0.015817202627658844,0.9933884297520661
402,0.014522559009492397,0.9942148760330578
403,0.016266850754618645,0.9942148760330578
404,0.01663236878812313,0.993801652892562
405,0.01891239918768406,0.9933884297520661
406,0.014387069270014763,0.9942148760330578
407,0.015772050246596336,0.9933884297520661
408,0.01698658987879753,0.9946280991735538
409,0.017143769189715385,0.9929752066115702
410,0.016756350174546242,0.9913223140495868
411,0.016178356483578682,0.9933884297520661
412,0.01616436429321766,0.9929752066115702
413,0.016843311488628387,0.9942148760330578
414,0.016252266243100166,0.993801652892562
415,0.015451081097126007,0.9929752066115702
416,0.01749280095100403,0.9925619834710744
417,0.017574917525053024,0.9933884297520661
418,0.015512705780565739,0.993801652892562
419,0.014536279253661633,0.9954545454545455
420,0.0164827648550272,0.9933884297520661
421,0.01927991583943367,0.9921487603305785
422,0.016259483993053436,0.9933884297520661
423,0.014549617655575275,0.9942148760330578
424,0.014746073633432388,0.9946280991735538
425,0.017475079745054245,0.9925619834710744
426,0.014520542696118355,0.9942148760330578
427,0.015757262706756592,0.9942148760330578
428,0.01569487899541855,0.9942148760330578
429,0.014712005853652954,0.9954545454545455
430,0.01578015647828579,0.993801652892562
431,0.016778577119112015,0.9946280991735538
432,0.015586516819894314,0.9933884297520661
433,0.01448548212647438,0.9946280991735538
434,0.016878319904208183,0.9917355371900827
435,0.01625235006213188,0.993801652892562
436,0.014714227057993412,0.9954545454545455
437,0.016080718487501144,0.9942148760330578
438,0.015170272439718246,0.9933884297520661
439,0.01570669747889042,0.9933884297520661
440,0.014561038464307785,0.9950413223140496
441,0.01571427844464779,0.9933884297520661
442,0.014386479742825031,0.9942148760330578
443,0.01608925312757492,0.9933884297520661
444,0.015493793413043022,0.9942148760330578
445,0.014630699530243874,0.9946280991735538
446,0.015359277836978436,0.9950413223140496
447,0.01607654057443142,0.9942148760330578
448,0.017424577847123146,0.9929752066115702
449,0.015534826554358006,0.9921487603305785
450,0.016658645123243332,0.9929752066115702
451,0.014908675104379654,0.9950413223140496
452,0.01421496830880642,0.9946280991735538
453,0.01674606464803219,0.9933884297520661
454,0.01696597784757614,0.9933884297520661
455,0.016028422862291336,0.9946280991735538
456,0.017895406112074852,0.993801652892562
457,0.015909269452095032,0.9933884297520661
458,0.01706906035542488,0.9925619834710744
459,0.014863863587379456,0.9942148760330578
460,0.016613075509667397,0.993801652892562
461,0.015468351542949677,0.9917355371900827
462,0.015292185358703136,0.9929752066115702
463,0.01814301311969757,0.9921487603305785
464,0.01588449627161026,0.9946280991735538
465,0.015669234097003937,0.9942148760330578
466,0.017870090901851654,0.993801652892562
467,0.014786362648010254,0.993801652892562
468,0.01498193945735693,0.9933884297520661
469,0.016193188726902008,0.9942148760330578
470,0.015197337605059147,0.9946280991735538
471,0.01491427980363369,0.993801652892562
472,0.01719985343515873,0.9921487603305785
473,0.015055046416819096,0.9942148760330578
474,0.01567959040403366,0.9942148760330578
475,0.015194974839687347,0.9946280991735538
476,0.01510794460773468,0.9946280991735538
477,0.015251392498612404,0.9942148760330578
478,0.014056301675736904,0.9950413223140496
479,0.014721499755978584,0.9942148760330578
480,0.016390718519687653,0.9933884297520661
481,0.01510764379054308,0.9929752066115702
482,0.015460078604519367,0.9925619834710744
483,0.016197046265006065,0.9950413223140496
484,0.015086708590388298,0.9925619834710744
485,0.01838192157447338,0.9925619834710744
486,0.015510481782257557,0.9946280991735538
487,0.01591534912586212,0.993801652892562
488,0.016266759485006332,0.9933884297520661
489,0.016270045191049576,0.9933884297520661
490,0.015605457127094269,0.9942148760330578
491,0.016867440193891525,0.993801652892562
492,0.01591610349714756,0.9933884297520661
493,0.01693767122924328,0.9933884297520661
494,0.015634048730134964,0.9925619834710744
495,0.015319621190428734,0.9942148760330578
496,0.0148477116599679,0.993801652892562
497,0.016951557248830795,0.9929752066115702
498,0.016650807112455368,0.9933884297520661
499,0.016830718144774437,0.9946280991735538
500,0.015725983306765556,0.9950413223140496
1,1.1040236949920654,0.35994331601322627
2,1.0951364040374756,0.5219650448748229
3,1.0757375955581665,0.6660368445914029
4,1.0520528554916382,0.821917808219178
5,1.0312061309814453,0.8450637694851204
6,0.9900786876678467,0.8072744449692961
7,0.952642023563385,0.8190836088804913
8,0.92252516746521,0.8412848370335381
9,0.865775465965271,0.8686820973075107
10,0.8300962448120117,0.8743504959848842
11,0.758733332157135,0.8932451582427964
12,0.7034488320350647,0.906471421823335
13,0.658160924911499,0.9220595181861124
14,0.6000135540962219,0.9319792158715163
15,0.559036910533905,0.9390647142182333
16,0.5009129643440247,0.9475673122342938
17,0.43886709213256836,0.9508738781294285
18,0.38932597637176514,0.9574870099196977
19,0.33139175176620483,0.9593764761454889
20,0.29036033153533936,0.9617383089277279
21,0.2472396045923233,0.9645725082664147
22,0.21720808744430542,0.9683514407179972
23,0.18689239025115967,0.9730751062824752
24,0.16276322305202484,0.9754369390647142
25,0.13932181894779205,0.9768540387340576
26,0.12132146954536438,0.9768540387340576
27,0.10501497983932495,0.9763816721776098
28,0.09643285721540451,0.9811053377420879
29,0.08451734483242035,0.9811053377420879
30,0.07168442010879517,0.9825224374114313
31,0.07211165875196457,0.9834671705243269
32,0.07085582613945007,0.9844119036372225
33,0.06386057287454605,0.9853566367501181
34,0.056739334017038345,0.9853566367501181
35,0.05605181306600571,0.9872461029759093
36,0.05312409996986389,0.9872461029759093
37,0.050326768308877945,0.9867737364194615
38,0.04054718837141991,0.9848842701936703
39,0.05185705050826073,0.9853566367501181
40,0.03915884718298912,0.9891355692017005
41,0.03836090490221977,0.9891355692017005
42,0.03852562606334686,0.9896079357581483
43,0.03869747743010521,0.9896079357581483
44,0.03144492954015732,0.9914974019839395
45,0.039378564804792404,0.9914974019839395
46,0.03327503427863121,0.9919697685403873
47,0.036048248410224915,0.9924421350968351
48,0.03249519318342209,0.992914501653283
49,0.026502424851059914,0.9914974019839395
50,0.02791215106844902,0.9919697685403873
51,0.02958679012954235,0.9933868682097308
52,0.024847693741321564,0.9924421350968351
53,0.02961404249072075,0.9924421350968351
54,0.02624649740755558,0.9938592347661785
55,0.02594713494181633,0.9938592347661785
56,0.02448037452995777,0.9924421350968351
57,0.02490846998989582,0.992914501653283
58,0.02278384007513523,0.9948039678790742
59,0.023119311779737473,0.9948039678790742
60,0.019510801881551743,0.9948039678790742
61,0.024007389321923256,0.9938592347661785
62,0.01795037090778351,0.9943316013226263
63,0.022377781569957733,0.995276334435522
64,0.021197613328695297,0.995276334435522
65,0.01867695152759552,0.995276334435522
66,0.019584158435463905,0.995276334435522
67,0.02101043425500393,0.9943316013226263
68,0.0181397944688797,0.9933868682097308
69,0.021043434739112854,0.9938592347661785
70,0.019605105742812157,0.9957487009919698
71,0.020593462511897087,0.9938592347661785
72,0.021928131580352783,0.9957487009919698
73,0.018135838210582733,0.9938592347661785
74,0.02102823741734028,0.9938592347661785
75,0.017308538779616356,0.9938592347661785
76,0.016744667664170265,0.9948039678790742
77,0.017148323357105255,0.995276334435522
78,0.016136186197400093,0.9957487009919698
79,0.014778225682675838,0.9943316013226263
80,0.01785774901509285,0.9957487009919698
81,0.016505684703588486,0.995276334435522
82,0.016426006332039833,0.995276334435522
83,0.01795744150876999,0.995276334435522
84,0.016091253608465195,0.995276334435522
85,0.01807727850973606,0.995276334435522
86,0.01665288396179676,0.9943316013226263
87,0.015011001378297806,0.9943316013226263
88,0.016667455434799194,0.995276334435522
89,0.017023667693138123,0.9938592347661785
90,0.017700325697660446,0.9933868682097308
91,0.016008252277970314,0.9948039678790742
92,0.01504514180123806,0.9962210675484175
93,0.014704970642924309,0.9966934341048653
94,0.01434412132948637,0.9966934341048653
95,0.016251731663942337,0.9943316013226263
96,0.01570463553071022,0.9938592347661785
97,0.014265256002545357,0.9948039678790742
98,0.013236931525170803,0.995276334435522
99,0.016480451449751854,0.9948039678790742
100,0.014341572299599648,0.9943316013226263
101,0.020470404997467995,0.995276334435522
102,0.018758228048682213,0.9943316013226263
103,0.018708625808358192,0.9943316013226263
104,0.01417950727045536,0.9943316013226263
105,0.016674326732754707,0.9957487009919698
106,0.013369864784181118,0.9957487009919698
107,0.014043251983821392,0.9962210675484175
108,0.01642509549856186,0.9948039678790742
109,0.019550135359168053,0.995276334435522
110,0.01358330249786377,0.9957487009919698
111,0.014567811973392963,0.9957487009919698
112,0.014980167150497437,0.9962210675484175
113,0.015308232046663761,0.9966934341048653
114,0.016606425866484642,0.9957487009919698
115,0.013791583478450775,0.9957487009919698
116,0.012667971663177013,0.9957487009919698
117,0.015471534803509712,0.9966934341048653
118,0.015146562829613686,0.9966934341048653
119,0.013485116884112358,0.9948039678790742
120,0.016490720212459564,0.9962210675484175
121,0.0157027468085289,0.9966934341048653
122,0.013617091812193394,0.9966934341048653
123,0.018447598442435265,0.9966934341048653
124,0.01317386794835329,0.9957487009919698
125,0.014397475868463516,0.9957487009919698
126,0.01538520585745573,0.9957487009919698
127,0.014485598541796207,0.9957487009919698
128,0.015361550264060497,0.9971658006613132
129,0.01468401774764061,0.9971658006613132
130,0.013357064686715603,0.9966934341048653
131,0.012130704708397388,0.9966934341048653
132,0.017566900700330734,0.9957487009919698
133,0.013955499045550823,0.995276334435522
134,0.015782708302140236,0.995276334435522
135,0.014452731236815453,0.9962210675484175
136,0.0119789382442832,0.9948039678790742
137,0.013680028729140759,0.9933868682097308
138,0.024725109338760376,0.9962210675484175
139,0.013275806792080402,0.9943316013226263
140,0.016816051676869392,0.9938592347661785
141,0.0203092023730278,0.9966934341048653
142,0.014099917374551296,0.9943316013226263
143,0.015410409308969975,0.9933868682097308
144,0.020434066653251648,0.9962210675484175
145,0.013185085728764534,0.9962210675484175
146,0.013718550093472004,0.995276334435522
147,0.01622781716287136,0.9962210675484175
148,0.01385417953133583,0.9971658006613132
149,0.012151297181844711,0.995276334435522
150,0.012316802516579628,0.995276334435522
151,0.01593897119164467,0.995276334435522
152,0.013270980678498745,0.9971658006613132
153,0.012965810485184193,0.9957487009919698
154,0.01283459085971117,0.9957487009919698
155,0.01607329025864601,0.9957487009919698
156,0.013805902563035488,0.9966934341048653
157,0.012557728216052055,0.9971658006613132
158,0.013660883530974388,0.9971658006613132
159,0.012493097223341465,0.9966934341048653
160,0.013149090111255646,0.9966934341048653
161,0.013196464627981186,0.9966934341048653
162,0.013196093030273914,0.9966934341048653
163,0.011060438118875027,0.9962210675484175
164,0.013934659771621227,0.9962210675484175
165,0.01293165609240532,0.9962210675484175
166,0.011663708835840225,0.9966934341048653
167,0.013837873004376888,0.9966934341048653
168,0.013925786130130291,0.9962210675484175
169,0.014215061441063881,0.9966934341048653
170,0.012889370322227478,0.9971658006613132
171,0.013217028230428696,0.9971658006613132
172,0.013128245249390602,0.9971658006613132
173,0.010630207136273384,0.9971658006613132
174,0.010705179534852505,0.9971658006613132
175,0.012954075820744038,0.9971658006613132
176,0.01258090604096651,0.9966934341048653
177,0.01191748771816492,0.9966934341048653
178,0.011667202226817608,0.9966934341048653
179,0.012053240090608597,0.9962210675484175
180,0.012798578478395939,0.9966934341048653
181,0.011527752503752708,0.997638167217761
182,0.013437480665743351,0.997638167217761
183,0.010978949256241322,0.9962210675484175
184,0.01232012640684843,0.9962210675484175
185,0.013337383978068829,0.9966934341048653
186,0.010655268095433712,0.9966934341048653
187,0.010899743065237999,0.9966934341048653
188,0.010834554210305214,0.9966934341048653
189,0.010952595621347427,0.9966934341048653
190,0.012830503284931183,0.9966934341048653
191,0.012307518161833286,0.9971658006613132
192,0.012469977140426636,0.9962210675484175
193,0.01145933661609888,0.997638167217761
194,0.014805343933403492,0.9966934341048653
195,0.01328494306653738,0.9962210675484175
196,0.01476188562810421,0.9971658006613132
197,0.012563520111143589,0.9966934341048653
198,0.010920227505266666,0.9962210675484175
199,0.017818372696638107,0.997638167217761
200,0.01267228927463293,0.9971658006613132
201,0.012153161689639091,0.9962210675484175
202,0.012362883426249027,0.9962210675484175
203,0.011507375165820122,0.9971658006613132
204,0.011563783511519432,0.9971658006613132
205,0.010721256956458092,0.9971658006613132
206,0.009990216232836246,0.9971658006613132
207,0.010623028501868248,0.9971658006613132
208,0.011609471403062344,0.9971658006613132
209,0.01779000647366047,0.9971658006613132
210,0.014850560575723648,0.9966934341048653
211,0.014295470900833607,0.9971658006613132
212,0.010959356091916561,0.9971658006613132
213,0.009318320080637932,0.997638167217761
214,0.009796944446861744,0.9971658006613132
215,0.011012955568730831,0.9971658006613132
216,0.011396320536732674,0.9971658006613132
217,0.011275038123130798,0.9966934341048653
218,0.01000569760799408,0.9966934341048653
219,0.01586776040494442,0.9966934341048653
220,0.009640145115554333,0.9971658006613132
221,0.010542730800807476,0.9971658006613132
222,0.01206557359546423,0.9971658006613132
223,0.011477421037852764,0.997638167217761
224,0.010218973271548748,0.997638167217761
225,0.010141706094145775,0.9966934341048653
226,0.012309801764786243,0.9962210675484175
227,0.013042447157204151,0.9962210675484175
228,0.012731742113828659,0.9971658006613132
229,0.010073021985590458,0.9971658006613132
230,0.009326808154582977,0.9971658006613132
231,0.012439398095011711,0.9971658006613132
232,0.010364742949604988,0.997638167217761
233,0.010089356452226639,0.9971658006613132
234,0.01346159353852272,0.997638167217761
235,0.010454445146024227,0.997638167217761
236,0.011035929434001446,0.997638167217761
237,0.009904256090521812,0.9971658006613132
238,0.010211311280727386,0.9971658006613132
239,0.009502790868282318,0.9966934341048653
240,0.010206351056694984,0.9971658006613132
241,0.010630100034177303,0.9971658006613132
242,0.012386372312903404,0.9971658006613132
243,0.010183819569647312,0.9971658006613132
244,0.010977325960993767,0.9971658006613132
245,0.01004569698125124,0.9971658006613132
246,0.012690496630966663,0.997638167217761
247,0.010538940317928791,0.997638167217761
248,0.010676872916519642,0.997638167217761
249,0.00986973475664854,0.9971658006613132
250,0.011208062060177326,0.9971658006613132
251,0.014018288813531399,0.9971658006613132
252,0.00910511240363121,0.9971658006613132
253,0.010388953611254692,0.9971658006613132
254,0.010892030782997608,0.9971658006613132
255,0.009533241391181946,0.9971658006613132
256,0.01183045282959938,0.9971658006613132
257,0.009381042793393135,0.997638167217761
258,0.009397445246577263,0.997638167217761
259,0.009454870596528053,0.997638167217761
260,0.01000809296965599,0.997638167217761
261,0.012532912194728851,0.997638167217761
262,0.01013963297009468,0.9966934341048653
263,0.009949719533324242,0.9971658006613132
264,0.01371748186647892,0.9971658006613132
265,0.010265788994729519,0.9971658006613132
266,0.009379089809954166,0.997638167217761
267,0.010053442791104317,0.9971658006613132
268,0.01202852837741375,0.9971658006613132
269,0.014123785309493542,0.997638167217761
270,0.00965333916246891,0.997638167217761
271,0.010379141196608543,0.997638167217761
272,0.011436435393989086,0.997638167217761
273,0.011585398577153683,0.997638167217761
274,0.008821035735309124,0.997638167217761
275,0.009005241096019745,0.9971658006613132
276,0.009064987301826477,0.9971658006613132
277,0.009828152135014534,0.9966934341048653
278,0.010052853263914585,0.9966934341048653
279,0.016128819435834885,0.997638167217761
280,0.011069605126976967,0.997638167217761
281,0.01209193840622902,0.9971658006613132
282,0.011834378354251385,0.9971658006613132
283,0.009591574780642986,0.997638167217761
284,0.010325773619115353,0.997638167217761
285,0.00955091044306755,0.9971658006613132
286,0.010246800258755684,0.9966934341048653
287,0.011732329614460468,0.9971658006613132
288,0.009578426368534565,0.9971658006613132
289,0.009103585965931416,0.997638167217761
290,0.009968956932425499,0.997638167217761
291,0.012282740324735641,0.997638167217761
292,0.014239397831261158,0.997638167217761
293,0.011178865097463131,0.997638167217761
294,0.009527908638119698,0.995276334435522
295,0.011197124607861042,0.9948039678790742
296,0.01513909175992012,0.9948039678790742
297,0.015235046856105328,0.997638167217761
298,0.01031133346259594,0.997638167217761
299,0.011294298805296421,0.9971658006613132
300,0.01198167447000742,0.9971658006613132
301,0.010977302677929401,0.997638167217761
302,0.011452796868979931,0.997638167217761
303,0.011496813967823982,0.9971658006613132
304,0.008925573900341988,0.9962210675484175
305,0.010664609260857105,0.9948039678790742
306,0.012084675952792168,0.9948039678790742
307,0.010748634114861488,0.995276334435522
308,0.012131071649491787,0.9971658006613132
309,0.010123347863554955,0.997638167217761
310,0.009315919131040573,0.9971658006613132
311,0.008995256386697292,0.9971658006613132
312,0.010665500536561012,0.9971658006613132
313,0.010822772979736328,0.9971658006613132
314,0.009658368304371834,0.9971658006613132
315,0.010596439242362976,0.997638167217761
316,0.009133946150541306,0.9971658006613132
317,0.009050361812114716,0.9971658006613132
318,0.011894598603248596,0.9971658006613132
319,0.009572873823344707,0.997638167217761
320,0.008875069208443165,0.9971658006613132
321,0.010956917889416218,0.997638167217761
322,0.010231240652501583,0.997638167217761
323,0.009764451533555984,0.997638167217761
324,0.009897049516439438,0.997638167217761
325,0.009122508578002453,0.9971658006613132
326,0.009309259243309498,0.997638167217761
327,0.010625582188367844,0.997638167217761
328,0.009423519484698772,0.9971658006613132
329,0.009456188417971134,0.9971658006613132
330,0.009449932724237442,0.997638167217761
331,0.010704186744987965,0.9971658006613132
332,0.00943863857537508,0.9971658006613132
333,0.010036733001470566,0.9971658006613132
334,0.008893704041838646,0.9971658006613132
335,0.010688009671866894,0.997638167217761
336,0.009885403327643871,0.9971658006613132
337,0.010997755452990532,0.997638167217761
338,0.010364886373281479,0.997638167217761
339,0.00935080274939537,0.997638167217761
340,0.008435635827481747,0.997638167217761
341,0.009421451948583126,0.997638167217761
342,0.010218189097940922,0.997638167217761
343,0.009826218709349632,0.997638167217761
344,0.01005600392818451,0.997638167217761
345,0.010616276413202286,0.997638167217761
346,0.009717686101794243,0.9971658006613132
347,0.010875281877815723,0.9971658006613132
348,0.00916074588894844,0.9971658006613132
349,0.009338229894638062,0.9971658006613132
350,0.009790879674255848,0.9971658006613132
351,0.010118445381522179,0.9971658006613132
352,0.013178659602999687,0.9971658006613132
353,0.0095586022362113,0.9971658006613132
354,0.009841401129961014,0.997638167217761
355,0.010586291551589966,0.997638167217761
356,0.010004153475165367,0.997638167217761
357,0.009752456098794937,0.997638167217761
358,0.013154737651348114,0.997638167217761
359,0.010952363722026348,0.997638167217761
360,0.010284105315804482,0.997638167217761
361,0.010775400325655937,0.997638167217761
362,0.009946716949343681,0.997638167217761
363,0.008882323279976845,0.9971658006613132
364,0.009110914543271065,0.9971658006613132
365,0.009237803518772125,0.9971658006613132
366,0.013158204033970833,0.997638167217761
367,0.012073120102286339,0.997638167217761
368,0.010384412482380867,0.997638167217761
369,0.008591929450631142,0.9971658006613132
370,0.008905047550797462,0.9971658006613132
371,0.011242829263210297,0.997638167217761
372,0.009318017400801182,0.997638167217761
373,0.009371493011713028,0.997638167217761
374,0.009868734516203403,0.997638167217761
375,0.009261841885745525,0.997638167217761
376,0.008076369762420654,0.997638167217761
377,0.010201484896242619,0.997638167217761
378,0.009910832159221172,0.9971658006613132
379,0.01001814566552639,0.997638167217761
380,0.010623149573802948,0.997638167217761
381,0.010615730658173561,0.997638167217761
382,0.010541310533881187,0.997638167217761
383,0.009368441998958588,0.997638167217761
384,0.00886616576462984,0.997638167217761
385,0.009871591813862324,0.997638167217761
386,0.0124002480879426,0.997638167217761
387,0.008479571901261806,0.997638167217761
388,0.008888009004294872,0.997638167217761
389,0.01038484089076519,0.997638167217761
390,0.00855137687176466,0.997638167217761
391,0.009686154313385487,0.997638167217761
392,0.009527543559670448,0.997638167217761
393,0.00984972808510065,0.997638167217761
394,0.009543327614665031,0.997638167217761
395,0.009570956230163574,0.997638167217761
396,0.009112918749451637,0.997638167217761
397,0.009586161933839321,0.997638167217761
398,0.009850635193288326,0.997638167217761
399,0.00939478725194931,0.997638167217761
400,0.010778432711958885,0.997638167217761
401,0.009661317802965641,0.997638167217761
402,0.009858840145170689,0.997638167217761
403,0.008430194109678268,0.9971658006613132
404,0.009734904393553734,0.997638167217761
405,0.011315652169287205,0.997638167217761
406,0.010029876604676247,0.997638167217761
407,0.010161569342017174,0.997638167217761
408,0.009052208624780178,0.997638167217761
409,0.010856051929295063,0.997638167217761
410,0.008724849671125412,0.997638167217761
411,0.010418441146612167,0.997638167217761
412,0.009946668520569801,0.997638167217761
413,0.008777924813330173,0.997638167217761
414,0.009296880103647709,0.997638167217761
415,0.008200586773455143,0.997638167217761
416,0.008935820311307907,0.997638167217761
417,0.008978954516351223,0.997638167217761
418,0.009553811512887478,0.997638167217761
419,0.010100161656737328,0.997638167217761
420,0.00916852056980133,0.997638167217761
421,0.009177779778838158,0.997638167217761
422,0.008216321468353271,0.997638167217761
423,0.01145943347364664,0.997638167217761
424,0.008527245372533798,0.997638167217761
425,0.012142526917159557,0.997638167217761
426,0.009076968766748905,0.997638167217761
427,0.009654025547206402,0.997638167217761
428,0.010275681503117085,0.997638167217761
429,0.00872177816927433,0.997638167217761
430,0.01092618703842163,0.997638167217761
431,0.008292009122669697,0.997638167217761
432,0.00807347521185875,0.997638167217761
433,0.009261127561330795,0.997638167217761
434,0.00976201519370079,0.997638167217761
435,0.009624543599784374,0.997638167217761
436,0.00911796372383833,0.997638167217761
437,0.009243575856089592,0.997638167217761
438,0.0102974409237504,0.997638167217761
439,0.008819022215902805,0.997638167217761
440,0.008813763968646526,0.997638167217761
441,0.00981505773961544,0.997638167217761
442,0.008679494261741638,0.997638167217761
443,0.009235676378011703,0.997638167217761
444,0.010606825351715088,0.997638167217761
445,0.009727955795824528,0.997638167217761
446,0.008666399866342545,0.997638167217761
447,0.00919432658702135,0.997638167217761
448,0.009356250055134296,0.9971658006613132
449,0.011073647066950798,0.9971658006613132
450,0.011188230477273464,0.9971658006613132
451,0.009358116425573826,0.9971658006613132
452,0.009264519438147545,0.9971658006613132
453,0.009570191614329815,0.9971658006613132
454,0.011294432915747166,0.9971658006613132
455,0.010112312622368336,0.9971658006613132
456,0.0094625698402524,0.9971658006613132
457,0.009788614697754383,0.9971658006613132
458,0.010083851404488087,0.9971658006613132
459,0.008410799317061901,0.997638167217761
460,0.008355377241969109,0.997638167217761
461,0.009193719364702702,0.997638167217761
462,0.010256987065076828,0.997638167217761
463,0.009251585230231285,0.997638167217761
464,0.009545980021357536,0.997638167217761
465,0.009074080735445023,0.997638167217761
466,0.00914605800062418,0.997638167217761
467,0.010041900910437107,0.9971658006613132
468,0.008583626709878445,0.9971658006613132
469,0.010222572833299637,0.9971658006613132
470,0.008298320695757866,0.9971658006613132
471,0.009822742082178593,0.9971658006613132
472,0.009413513354957104,0.9971658006613132
473,0.008057600818574429,0.9971658006613132
474,0.009600433520972729,0.9971658006613132
475,0.008682397194206715,0.9971658006613132
476,0.008894714526832104,0.9971658006613132
477,0.008797742426395416,0.9971658006613132
478,0.009752430953085423,0.9971658006613132
479,0.010129439644515514,0.9971658006613132
480,0.00921795703470707,0.9971658006613132
481,0.007893863134086132,0.9971658006613132
482,0.008499502204358578,0.9971658006613132
483,0.00876482855528593,0.9971658006613132
484,0.01037069596350193,0.9971658006613132
485,0.009281931445002556,0.9971658006613132
486,0.00930869672447443,0.9971658006613132
487,0.010199342854321003,0.9971658006613132
488,0.009371897205710411,0.9971658006613132
489,0.009438205510377884,0.9971658006613132
490,0.010684401728212833,0.9971658006613132
491,0.008631071075797081,0.9971658006613132
492,0.010684420354664326,0.9971658006613132
493,0.010278286412358284,0.9971658006613132
494,0.008222437463700771,0.9971658006613132
495,0.008660982362926006,0.9971658006613132
496,0.008934253826737404,0.9971658006613132
497,0.010610011406242847,0.9971658006613132
498,0.008639189414680004,0.9971658006613132
499,0.008692759089171886,0.9971658006613132
500,0.010435388423502445,0.9971658006613132
1,1.1821179389953613,0.32829475673122344
2,1.1318144798278809,0.3297118564005668
3,1.0758893489837646,0.4874822862541332
4,1.0520445108413696,0.7510628247520076
5,1.0102694034576416,0.7850732168162494
6,0.9429926872253418,0.805384978743505
7,0.94478440284729,0.91828058573453
8,0.8922806978225708,0.89891355692017
9,0.7916321754455566,0.8497874350495985
10,0.8064292669296265,0.8247520075578649
11,0.7306157946586609,0.8615965989607935
12,0.679272472858429,0.9154463863958432
13,0.6624847054481506,0.9418989135569201
14,0.6472962498664856,0.9286726499763817
15,0.6240860819816589,0.9239489844119037
16,0.5927991271018982,0.9418989135569201
17,0.5727453231811523,0.9522909777987718
18,0.5388551354408264,0.9489844119036372
19,0.5338336229324341,0.9508738781294285
20,0.5084529519081116,0.949456778460085
21,0.4733106195926666,0.9560699102503543
22,0.46739423274993896,0.9574870099196977
23,0.45296236872673035,0.9574870099196977
24,0.4132603108882904,0.9579593764761455
25,0.4136143922805786,0.9579593764761455
26,0.40317875146865845,0.9579593764761455
27,0.36588922142982483,0.9631554085970713
28,0.36837267875671387,0.9655172413793104
29,0.35253411531448364,0.9641001417099669
30,0.32716163992881775,0.9659896079357582
31,0.316041499376297,0.9683514407179972
32,0.31469976902008057,0.9721303731695796
33,0.30566832423210144,0.9721303731695796
34,0.2858577370643616,0.9726027397260274
35,0.2958146333694458,0.9754369390647142
36,0.2721377909183502,0.9759093056211621
37,0.2991284430027008,0.9773264052905054
38,0.28504306077957153,0.9782711384034011
39,0.26792407035827637,0.9787435049598489
40,0.28746309876441956,0.9792158715162966
41,0.29764944314956665,0.9811053377420879
42,0.27838075160980225,0.9801606046291923
43,0.276638388633728,0.9792158715162966
44,0.2608383297920227,0.9815777042985356
45,0.26321884989738464,0.9825224374114313
46,0.24266554415225983,0.9811053377420879
47,0.2788267135620117,0.9815777042985356
48,0.2511294186115265,0.9834671705243269
49,0.24229788780212402,0.9848842701936703
50,0.24018339812755585,0.9839395370807746
51,0.2488599717617035,0.9858290033065659
52,0.2534197270870209,0.9858290033065659
53,0.23038704693317413,0.9839395370807746
54,0.22224868834018707,0.9853566367501181
55,0.23713834583759308,0.9853566367501181
56,0.221227765083313,0.9848842701936703
57,0.22111941874027252,0.9872461029759093
58,0.24037964642047882,0.9877184695323571
59,0.22376401722431183,0.9877184695323571
60,0.2267719954252243,0.9877184695323571
61,0.22025254368782043,0.9886632026452528
62,0.21666638553142548,0.9886632026452528
63,0.21946142613887787,0.9891355692017005
64,0.20992159843444824,0.9900803023145961
65,0.2116634100675583,0.990552668871044
66,0.2012195885181427,0.9900803023145961
67,0.20980824530124664,0.9900803023145961
68,0.22137142717838287,0.9896079357581483
69,0.2144433557987213,0.9896079357581483
70,0.2007112056016922,0.9896079357581483
71,0.19819283485412598,0.990552668871044
72,0.20845942199230194,0.9900803023145961
73,0.19905218482017517,0.9896079357581483
74,0.2134232074022293,0.9910250354274918
75,0.20415648818016052,0.9914974019839395
76,0.202334463596344,0.9919697685403873
77,0.2059900313615799,0.9924421350968351
78,0.1908721625804901,0.9924421350968351
79,0.21236246824264526,0.9933868682097308
80,0.18945984542369843,0.9933868682097308
81,0.1916797161102295,0.992914501653283
82,0.19499801099300385,0.9919697685403873
83,0.20208045840263367,0.9924421350968351
84,0.1921442598104477,0.992914501653283
85,0.18182948231697083,0.992914501653283
86,0.19625836610794067,0.9924421350968351
87,0.20385678112506866,0.992914501653283
88,0.20424513518810272,0.9933868682097308
89,0.20138348639011383,0.9933868682097308
90,0.1941981315612793,0.9943316013226263
91,0.1970430612564087,0.9948039678790742
92,0.19449253380298615,0.9943316013226263
93,0.18327736854553223,0.9938592347661785
94,0.19795459508895874,0.9938592347661785
95,0.1793808788061142,0.9938592347661785
96,0.18055075407028198,0.9943316013226263
97,0.16732090711593628,0.9948039678790742
98,0.1821153312921524,0.9943316013226263
99,0.1726258397102356,0.9943316013226263
100,0.17551559209823608,0.9938592347661785
101,0.18643750250339508,0.9938592347661785
102,0.17302486300468445,0.9943316013226263
103,0.1835201382637024,0.9943316013226263
104,0.1719663292169571,0.9948039678790742
105,0.17950333654880524,0.995276334435522
106,0.1770184487104416,0.995276334435522
107,0.18645557761192322,0.9948039678790742
108,0.1750325858592987,0.9943316013226263
109,0.19450385868549347,0.9943316013226263
110,0.18234167993068695,0.995276334435522
111,0.17596937716007233,0.9957487009919698
112,0.1738022416830063,0.9938592347661785
113,0.17166060209274292,0.9933868682097308
114,0.1733321100473404,0.995276334435522
115,0.17958594858646393,0.9943316013226263
116,0.17169789969921112,0.9938592347661785
117,0.16907434165477753,0.9943316013226263
118,0.18014733493328094,0.995276334435522
119,0.17230106890201569,0.995276334435522
120,0.17233428359031677,0.9943316013226263
121,0.16637513041496277,0.9957487009919698
122,0.1678621917963028,0.9948039678790742
123,0.17933253943920135,0.9938592347661785
124,0.18251286447048187,0.9938592347661785
125,0.19301873445510864,0.9938592347661785
126,0.1703779101371765,0.9943316013226263
127,0.16486261785030365,0.9948039678790742
128,0.15719202160835266,0.9957487009919698
129,0.1621488779783249,0.9957487009919698
130,0.1726573258638382,0.995276334435522
131,0.14410218596458435,0.995276334435522
132,0.16463367640972137,0.995276334435522
133,0.1486511081457138,0.995276334435522
134,0.177395299077034,0.995276334435522
135,0.15980102121829987,0.995276334435522
136,0.16370657086372375,0.995276334435522
137,0.16514168679714203,0.995276334435522
138,0.17028671503067017,0.9957487009919698
139,0.15786635875701904,0.9957487009919698
140,0.1727813184261322,0.9957487009919698
141,0.1673930138349533,0.9957487009919698
142,0.15511079132556915,0.995276334435522
143,0.15332916378974915,0.995276334435522
144,0.16678352653980255,0.995276334435522
145,0.15659189224243164,0.995276334435522
146,0.1586901694536209,0.9957487009919698
147,0.1696317493915558,0.9957487009919698
148,0.1727815568447113,0.995276334435522
149,0.17206285893917084,0.9957487009919698
150,0.16517958045005798,0.9962210675484175
151,0.17677240073680878,0.9957487009919698
152,0.1535964459180832,0.9948039678790742
153,0.15029029548168182,0.9938592347661785
154,0.16704735159873962,0.9948039678790742
155,0.16012418270111084,0.995276334435522
156,0.16422444581985474,0.9957487009919698
157,0.1563439816236496,0.9962210675484175
158,0.1563379466533661,0.995276334435522
159,0.15705060958862305,0.9957487009919698
160,0.1614241898059845,0.9962210675484175
161,0.16401012241840363,0.9957487009919698
162,0.1587543934583664,0.9943316013226263
163,0.16257525980472565,0.9948039678790742
164,0.15748143196105957,0.9957487009919698
165,0.16634777188301086,0.9962210675484175
166,0.162128284573555,0.9966934341048653
167,0.15568144619464874,0.9971658006613132
168,0.16236647963523865,0.997638167217761
169,0.15429247915744781,0.997638167217761
170,0.15668334066867828,0.997638167217761
171,0.15618325769901276,0.997638167217761
172,0.14820802211761475,0.997638167217761
173,0.15388496220111847,0.997638167217761
174,0.14980658888816833,0.997638167217761
175,0.14806394279003143,0.997638167217761
176,0.14857542514801025,0.997638167217761
177,0.14798998832702637,0.997638167217761
178,0.15693314373493195,0.9971658006613132
179,0.16286379098892212,0.997638167217761
180,0.15769769251346588,0.997638167217761
181,0.15954607725143433,0.9966934341048653
182,0.15432140231132507,0.9962210675484175
183,0.1408979892730713,0.9966934341048653
184,0.15208075940608978,0.9966934341048653
185,0.15989454090595245,0.9971658006613132
186,0.1515667587518692,0.9971658006613132
187,0.1553901880979538,0.9971658006613132
188,0.15845243632793427,0.9971658006613132
189,0.16087612509727478,0.9971658006613132
190,0.14138147234916687,0.9971658006613132
191,0.13270877301692963,0.9966934341048653
192,0.15124796330928802,0.9966934341048653
193,0.14844082295894623,0.9962210675484175
194,0.15094420313835144,0.9962210675484175
195,0.14711187779903412,0.9962210675484175
196,0.15262436866760254,0.9966934341048653
197,0.14679966866970062,0.997638167217761
198,0.12580221891403198,0.9971658006613132
199,0.13394731283187866,0.9971658006613132
200,0.13208730518817902,0.9971658006613132
201,0.13805712759494781,0.9971658006613132
202,0.1417255997657776,0.997638167217761
203,0.14152269065380096,0.9971658006613132
204,0.1479736864566803,0.9966934341048653
205,0.13150423765182495,0.9966934341048653
206,0.15075503289699554,0.9966934341048653
207,0.15432024002075195,0.9966934341048653
208,0.14537429809570312,0.9966934341048653
209,0.15435273945331573,0.9966934341048653
210,0.14223235845565796,0.997638167217761
211,0.14390811324119568,0.997638167217761
212,0.14033232629299164,0.997638167217761
213,0.13872601091861725,0.997638167217761
214,0.13760511577129364,0.9971658006613132
215,0.14689023792743683,0.9966934341048653
216,0.13512082397937775,0.9966934341048653
217,0.15254831314086914,0.9966934341048653
218,0.13714192807674408,0.9966934341048653
219,0.1557043492794037,0.9966934341048653
220,0.14815163612365723,0.9971658006613132
221,0.13842789828777313,0.9971658006613132
222,0.14775598049163818,0.9971658006613132
223,0.15701982378959656,0.997638167217761
224,0.1421671211719513,0.997638167217761
225,0.13485455513000488,0.997638167217761
226,0.13989125192165375,0.997638167217761
227,0.13123509287834167,0.9971658006613132
228,0.14573934674263,0.9971658006613132
229,0.12964069843292236,0.9971658006613132
230,0.15483851730823517,0.997638167217761
231,0.1540784388780594,0.9971658006613132
232,0.15030615031719208,0.9971658006613132
233,0.14374224841594696,0.997638167217761
234,0.1358301043510437,0.997638167217761
235,0.14526957273483276,0.9971658006613132
236,0.1255209743976593,0.9971658006613132
237,0.14921782910823822,0.9966934341048653
238,0.1434827446937561,0.9966934341048653
239,0.1500547230243683,0.997638167217761
240,0.13888995349407196,0.997638167217761
241,0.13232865929603577,0.997638167217761
242,0.13093800842761993,0.997638167217761
243,0.13488419353961945,0.997638167217761
244,0.14782553911209106,0.997638167217761
245,0.1300034075975418,0.997638167217761
246,0.1371685117483139,0.997638167217761
247,0.12835870683193207,0.9971658006613132
248,0.15123136341571808,0.997638167217761
249,0.14097799360752106,0.997638167217761
250,0.13183991611003876,0.9981105337742088
251,0.11876906454563141,0.9981105337742088
252,0.1287207156419754,0.9981105337742088
253,0.12602511048316956,0.9981105337742088
254,0.1383298635482788,0.9981105337742088
255,0.1358489692211151,0.9981105337742088
256,0.128128319978714,0.9985829003306566
257,0.13024626672267914,0.9990552668871044
258,0.13777044415473938,0.9990552668871044
259,0.1157900020480156,0.9990552668871044
260,0.1344941109418869,0.9990552668871044
261,0.13563252985477448,0.9990552668871044
262,0.1487627774477005,0.9990552668871044
263,0.13785435259342194,0.9990552668871044
264,0.14016883075237274,0.9990552668871044
265,0.12894178926944733,0.9990552668871044
266,0.12721838057041168,0.9990552668871044
267,0.13439656794071198,0.9990552668871044
268,0.12979687750339508,0.9985829003306566
269,0.1331283003091812,0.997638167217761
270,0.1233169361948967,0.997638167217761
271,0.1320246458053589,0.997638167217761
272,0.13661044836044312,0.997638167217761
273,0.1448109894990921,0.997638167217761
274,0.14507213234901428,0.9971658006613132
275,0.1387440264225006,0.9971658006613132
276,0.14490309357643127,0.9971658006613132
277,0.13157400488853455,0.997638167217761
278,0.14951661229133606,0.997638167217761
279,0.12616731226444244,0.997638167217761
280,0.11787185072898865,0.9966934341048653
281,0.1362643986940384,0.9981105337742088
282,0.13650637865066528,0.9981105337742088
283,0.1276049166917801,0.9981105337742088
284,0.132311150431633,0.997638167217761
285,0.1420641839504242,0.997638167217761
286,0.12943236529827118,0.997638167217761
287,0.122079998254776,0.997638167217761
288,0.11657588928937912,0.997638167217761
289,0.14208784699440002,0.9981105337742088
290,0.12937964498996735,0.9981105337742088
291,0.12331604212522507,0.9985829003306566
292,0.12079061567783356,0.9985829003306566
293,0.12630245089530945,0.9985829003306566
294,0.13845683634281158,0.9985829003306566
295,0.13935649394989014,0.9985829003306566
296,0.1430114358663559,0.9981105337742088
297,0.12880511581897736,0.9981105337742088
298,0.13041742146015167,0.9981105337742088
299,0.13048523664474487,0.997638167217761
300,0.13803814351558685,0.997638167217761
301,0.12921033799648285,0.997638167217761
302,0.1299588680267334,0.997638167217761
303,0.13402628898620605,0.9981105337742088
304,0.1417076289653778,0.9981105337742088
305,0.13622313737869263,0.9985829003306566
306,0.12806031107902527,0.9985829003306566
307,0.13807986676692963,0.9985829003306566
308,0.12223327904939651,0.9985829003306566
309,0.13380977511405945,0.9981105337742088
310,0.12924200296401978,0.9985829003306566
311,0.1315135806798935,0.9990552668871044
312,0.11726229637861252,0.9990552668871044
313,0.11875499784946442,0.9990552668871044
314,0.11602849513292313,0.9985829003306566
315,0.1376667022705078,0.9981105337742088
316,0.12662796676158905,0.9981105337742088
317,0.12762367725372314,0.9981105337742088
318,0.1136336401104927,0.9981105337742088
319,0.12125305831432343,0.9981105337742088
320,0.11806993186473846,0.9981105337742088
321,0.12039107829332352,0.9981105337742088
322,0.12570029497146606,0.9985829003306566
323,0.12671656906604767,0.9985829003306566
324,0.13331755995750427,0.9981105337742088
325,0.12579156458377838,0.9981105337742088
326,0.12973469495773315,0.9981105337742088
327,0.13903039693832397,0.9985829003306566
328,0.11424245685338974,0.9985829003306566
329,0.13269972801208496,0.9985829003306566
330,0.1420559287071228,0.9981105337742088
331,0.12998032569885254,0.9981105337742088
332,0.12272921204566956,0.997638167217761
333,0.12620067596435547,0.997638167217761
334,0.15230444073677063,0.997638167217761
335,0.13880600035190582,0.997638167217761
336,0.12096945941448212,0.9981105337742088
337,0.13337482511997223,0.9981105337742088
338,0.12921853363513947,0.9981105337742088
339,0.11431366950273514,0.9985829003306566
340,0.1311725676059723,0.9985829003306566
341,0.13326939940452576,0.9985829003306566
342,0.11911353468894958,0.9990552668871044
343,0.12729062139987946,0.9990552668871044
344,0.12931758165359497,0.9990552668871044
345,0.11838112026453018,0.9990552668871044
346,0.1281062811613083,0.9990552668871044
347,0.133829727768898,0.9990552668871044
348,0.1293129175901413,0.9990552668871044
349,0.12086627632379532,0.9990552668871044
350,0.1271292269229889,0.9990552668871044
351,0.13398477435112,0.9990552668871044
352,0.13560499250888824,0.9990552668871044
353,0.12309133261442184,0.9990552668871044
354,0.1268748641014099,0.9985829003306566
355,0.1290714293718338,0.9981105337742088
356,0.12959171831607819,0.9981105337742088
357,0.12433208525180817,0.9981105337742088
358,0.12991532683372498,0.9981105337742088
359,0.12425153702497482,0.9985829003306566
360,0.12167279422283173,0.9985829003306566
361,0.1300506293773651,0.9985829003306566
362,0.12914742529392242,0.9985829003306566
363,0.1379305124282837,0.9985829003306566
364,0.12795975804328918,0.9985829003306566
365,0.11734801530838013,0.9985829003306566
366,0.11892282217741013,0.9985829003306566
367,0.12088986486196518,0.9985829003306566
368,0.11967703700065613,0.9985829003306566
369,0.13173575699329376,0.9985829003306566
370,0.12911033630371094,0.9985829003306566
371,0.11622700095176697,0.9985829003306566
372,0.1293538510799408,0.9985829003306566
373,0.11873128265142441,0.9985829003306566
374,0.1292121410369873,0.9985829003306566
375,0.12978067994117737,0.9985829003306566
376,0.1227542981505394,0.9985829003306566
377,0.12094244360923767,0.9985829003306566
378,0.12266363948583603,0.9985829003306566
379,0.13429053127765656,0.9990552668871044
380,0.11986909806728363,0.9990552668871044
381,0.12604877352714539,0.9990552668871044
382,0.12529484927654266,0.9990552668871044
383,0.12351233512163162,0.9990552668871044
384,0.12365676462650299,0.9990552668871044
385,0.13472244143486023,0.9990552668871044
386,0.1216350793838501,0.9990552668871044
387,0.12858448922634125,0.9990552668871044
388,0.12012921273708344,0.9990552668871044
389,0.12324301153421402,0.9990552668871044
390,0.12826265394687653,0.9990552668871044
391,0.12605756521224976,0.9990552668871044
392,0.11955755203962326,0.9990552668871044
393,0.12432675063610077,0.9990552668871044
394,0.11903104931116104,0.9990552668871044
395,0.12592896819114685,0.9990552668871044
396,0.12129559367895126,0.9990552668871044
397,0.10854130238294601,0.9990552668871044
398,0.11338812112808228,0.9990552668871044
399,0.12702453136444092,0.9990552668871044
400,0.11593496054410934,0.9990552668871044
401,0.1181182786822319,0.9990552668871044
402,0.11633332073688507,0.9990552668871044
403,0.11198017746210098,0.9990552668871044
404,0.12947899103164673,0.9990552668871044
405,0.1255742311477661,0.9990552668871044
406,0.11984828114509583,0.9990552668871044
407,0.12163648009300232,0.9990552668871044
408,0.11992710083723068,0.9990552668871044
409,0.12620265781879425,0.9990552668871044
410,0.11951542645692825,0.9990552668871044
411,0.1404019296169281,0.9990552668871044
412,0.12644769251346588,0.9990552668871044
413,0.12342669069766998,0.9990552668871044
414,0.1210671216249466,0.9990552668871044
415,0.12121941149234772,0.9990552668871044
416,0.12194029986858368,0.9990552668871044
417,0.11796411126852036,0.9990552668871044
418,0.11611176282167435,0.9990552668871044
419,0.11926549673080444,0.9990552668871044
420,0.14138701558113098,0.9990552668871044
421,0.13111619651317596,0.9990552668871044
422,0.13107185065746307,0.9990552668871044
423,0.1293914020061493,0.9990552668871044
424,0.1277092695236206,0.9990552668871044
425,0.12818843126296997,0.9990552668871044
426,0.12988616526126862,0.9990552668871044
427,0.11767440289258957,0.9990552668871044
428,0.12093928456306458,0.9990552668871044
429,0.12785376608371735,0.9990552668871044
430,0.1397891640663147,0.9990552668871044
431,0.11559782177209854,0.9990552668871044
432,0.12011723220348358,0.9990552668871044
433,0.1225428506731987,0.9990552668871044
434,0.12143780291080475,0.9990552668871044
435,0.12387044727802277,0.9990552668871044
436,0.11926990747451782,0.9990552668871044
437,0.13232485949993134,0.9990552668871044
438,0.1297941356897354,0.9990552668871044
439,0.12299370765686035,0.9990552668871044
440,0.11559435725212097,0.9990552668871044
441,0.11410927027463913,0.9990552668871044
442,0.12253933399915695,0.9990552668871044
443,0.10853248089551926,0.9990552668871044
444,0.13203170895576477,0.9990552668871044
445,0.11922065168619156,0.9990552668871044
446,0.12797372043132782,0.9990552668871044
447,0.12335243821144104,0.9990552668871044
448,0.12274334579706192,0.9990552668871044
449,0.12391063570976257,0.9990552668871044
450,0.13221469521522522,0.9990552668871044
451,0.11280442774295807,0.9990552668871044
452,0.11573854833841324,0.9990552668871044
453,0.11501117050647736,0.9990552668871044
454,0.10898678749799728,0.9990552668871044
455,0.11377224326133728,0.9990552668871044
456,0.12608961760997772,0.9990552668871044
457,0.13145636022090912,0.9990552668871044
458,0.11931190639734268,0.9990552668871044
459,0.13256525993347168,0.9990552668871044
460,0.12073175609111786,0.9990552668871044
461,0.12648817896842957,0.9990552668871044
462,0.11636794358491898,0.9990552668871044
463,0.13681118190288544,0.9990552668871044
464,0.11440378427505493,0.9990552668871044
465,0.11508576571941376,0.9990552668871044
466,0.12077847123146057,0.9990552668871044
467,0.13156019151210785,0.9990552668871044
468,0.12863829731941223,0.9990552668871044
469,0.11635138094425201,0.9990552668871044
470,0.12200012058019638,0.9990552668871044
471,0.12675879895687103,0.9990552668871044
472,0.12597812712192535,0.9990552668871044
473,0.12401461601257324,0.9990552668871044
474,0.13054384291172028,0.9990552668871044
475,0.12039065361022949,0.9990552668871044
476,0.12740103900432587,0.9990552668871044
477,0.12429309636354446,0.9990552668871044
478,0.11529496312141418,0.9990552668871044
479,0.12105579674243927,0.9990552668871044
480,0.12136740982532501,0.9990552668871044
481,0.12237948179244995,0.9990552668871044
482,0.11812371015548706,0.9990552668871044
483,0.13929346203804016,0.9990552668871044
484,0.11740332096815109,0.9990552668871044
485,0.11289925128221512,0.9990552668871044
486,0.10749194771051407,0.9990552668871044
487,0.12445388734340668,0.9990552668871044
488,0.12389248609542847,0.9990552668871044
489,0.11837063729763031,0.9990552668871044
490,0.11740858852863312,0.9990552668871044
491,0.119381383061409,0.9990552668871044
492,0.1098903939127922,0.9990552668871044
493,0.1341804414987564,0.9990552668871044
494,0.1364229917526245,0.9990552668871044
495,0.12954270839691162,0.9990552668871044
496,0.12693475186824799,0.9990552668871044
497,0.13303470611572266,0.9990552668871044
498,0.13798177242279053,0.9990552668871044
499,0.12447495758533478,0.9990552668871044
500,0.12436110526323318,0.9990552668871044
1,1.0989363193511963,0.1654259718775848
2,1.0956757068634033,0.17971905253700768
3,1.0902373790740967,0.4127252252252252
4,1.0731277465820312,0.5221801877539582
5,1.0774391889572144,0.5818989989541311
6,1.05374014377594,0.7130434204578692
7,1.0458252429962158,0.8453237687531336
8,1.0208207368850708,0.8716281193163828
9,1.0083255767822266,0.8408322013775432
10,0.9955862164497375,0.8159869890948795
11,0.9640853404998779,0.8029284451035656
12,0.9697834253311157,0.7632359067141676
13,0.9377041459083557,0.7470669832643836
14,0.9288282990455627,0.7054411174818904
15,0.8915101289749146,0.673141577007717
16,0.8828274011611938,0.6321001964003993
17,0.866645336151123,0.6060130332057966
18,0.8396317362785339,0.6375136900336554
19,0.8194114565849304,0.6375136900336554
20,0.7773745656013489,0.6618127772926535
21,0.7689557671546936,0.6738238763208052
22,0.748370885848999,0.6969769729453409
23,0.7312171459197998,0.7339185978955222
24,0.7019094228744507,0.7361074575779568
25,0.6857607364654541,0.7556201451986154
26,0.6720747351646423,0.7692105832998299
27,0.6559991836547852,0.8199395915131956
28,0.6488204002380371,0.8586749706100205
29,0.6192525625228882,0.8734710722223767
30,0.6040480136871338,0.8812025438549861
31,0.594763994216919,0.8847843390502508
32,0.5745751857757568,0.9028342683264617
33,0.5584050416946411,0.9136027813993916
34,0.5571075677871704,0.9138975989235146
35,0.5382243394851685,0.9307361812931413
36,0.5203349590301514,0.9307361812931413
37,0.5032657980918884,0.937402730339778
38,0.49953311681747437,0.9440359513067055
39,0.4781312942504883,0.9440359513067055
40,0.4652312695980072,0.9407913330193124
41,0.4528955817222595,0.937605536136378
42,0.4432961940765381,0.937605536136378
43,0.42978590726852417,0.9343067985555032
44,0.4175150394439697,0.9374899870270946
45,0.41243401169776917,0.9311249699890981
46,0.4023430347442627,0.9279440497389825
47,0.39275044202804565,0.9345241632223389
48,0.38431426882743835,0.9345241632223389
49,0.3898025155067444,0.9247665671467041
50,0.38458359241485596,0.9312371446990965
51,0.37857329845428467,0.9345017237349538
52,0.378597617149353,0.9345017237349538
53,0.3738493323326111,0.9278832276804473
54,0.37062859535217285,0.9279366671345138
55,0.36627018451690674,0.9246454315671223
56,0.3633999228477478,0.9213089946089096
57,0.3650837540626526,0.9113119715901554
58,0.36201736330986023,0.9179389823908096
59,0.36158835887908936,0.9213477637279007
60,0.3618200421333313,0.9213477637279007
61,0.3569718599319458,0.9180479382936325
62,0.36377695202827454,0.9213435696551106
63,0.3602513372898102,0.9148428731762065
64,0.3564201295375824,0.9115582155790213
65,0.3580642640590668,0.9114001278670377
66,0.3556898832321167,0.9113545590796776
67,0.350811243057251,0.9113545590796776
68,0.3529474437236786,0.9147773474250661
69,0.3498709201812744,0.9181936868138524
70,0.350558340549469,0.9214798541865815
71,0.35135558247566223,0.9181936868138524
72,0.3535305857658386,0.9214798541865815
73,0.3509792387485504,0.9147773474250661
74,0.3484688699245453,0.9147046618686376
75,0.3478166162967682,0.9148188749462248
76,0.3490663170814514,0.9116030703112948
77,0.34775102138519287,0.9147046618686376
78,0.34671491384506226,0.9112611882814744
79,0.3465079069137573,0.9149013709249223
80,0.35289886593818665,0.9247603392994845
81,0.34950941801071167,0.9215919701213818
82,0.3458552360534668,0.9083842124578787
83,0.34809377789497375,0.9179762009807318
84,0.3401438295841217,0.9213282011100038
85,0.34115150570869446,0.9148428731762065
86,0.3440542221069336,0.9181289027733537
87,0.3442991077899933,0.9148428731762065
88,0.3459944427013397,0.924681171606755
89,0.34286361932754517,0.9181365303978768
90,0.3415827751159668,0.9118045819721391
91,0.34777629375457764,0.9215055939556219
92,0.3412861227989197,0.9215055939556219
93,0.33968251943588257,0.9214070612668744
94,0.3403341770172119,0.9214070612668744
95,0.3387543857097626,0.9214070612668744
96,0.33913522958755493,0.9214070612668744
97,0.3401295244693756,0.9214070612668744
98,0.3425883948802948,0.9215055939556219
99,0.339496910572052,0.9215055939556219
100,0.34141021966934204,0.9215055939556219
101,0.3370860815048218,0.9151493930905695
102,0.3436671495437622,0.9214070612668744
103,0.3374519348144531,0.9214798541865815
104,0.3398537039756775,0.9214798541865815
105,0.34001997113227844,0.9214798541865815
106,0.3391338586807251,0.918127783620947
107,0.33533304929733276,0.9214070612668744
108,0.3349766135215759,0.9049100051705575
109,0.33842790126800537,0.9117474493082058
110,0.3383219540119171,0.9151493930905695
111,0.3372231721878052,0.9182345315675144
112,0.3367108404636383,0.9214070612668744
113,0.3331168591976166,0.9214070612668744
114,0.33613309264183044,0.918127783620947
115,0.336588591337204,0.9114280565014706
116,0.33751368522644043,0.9045966013621
117,0.3378475606441498,0.9081333260437737
118,0.33517909049987793,0.9148667974365473
119,0.3341139853000641,0.9182345315675144
120,0.33555108308792114,0.9182345315675144
121,0.33438563346862793,0.9149584631360334
122,0.3371862769126892,0.9149584631360334
123,0.3348631262779236,0.9114280565014706
124,0.33365097641944885,0.918127783620947
125,0.3357200026512146,0.918127783620947
126,0.33457130193710327,0.9214798541865815
127,0.33242887258529663,0.9214798541865815
128,0.33236050605773926,0.9183262307723528
129,0.3378569781780243,0.9183262307723528
130,0.33168482780456543,0.9149584631360334
131,0.3363338112831116,0.9149584631360334
132,0.3342798948287964,0.9149584631360334
133,0.3333228528499603,0.9115921087839646
134,0.33205175399780273,0.9149584631360334
135,0.3341100811958313,0.9214798541865815
136,0.3327302634716034,0.9214798541865815
137,0.33185863494873047,0.9214798541865815
138,0.332766592502594,0.9149584631360334
1,1.1464701890945435,0.22364912280701754
2,1.1583977937698364,0.35222783549921094
3,1.144086241722107,0.26792426012880505
4,1.1237282752990723,0.2548002548002548
5,1.0888090133666992,0.3906697373334993
6,1.0608675479888916,0.3736578968936972
7,1.047955870628357,0.4499528818495339
8,1.001731038093567,0.7258209691755303
9,0.9716958999633789,0.8408876489051229
10,0.9342016577720642,0.8691173779406108
11,0.8844610452651978,0.8406609020419763
12,0.8281000852584839,0.8573181177986754
13,0.7865631580352783,0.8490243588897853
14,0.7434015870094299,0.9017567458769177
15,0.7310413718223572,0.9071101601504248
16,0.6954368352890015,0.8876072740720141
17,0.6786642074584961,0.8932451860182157
18,0.6767109036445618,0.9050746268656716
19,0.6386603116989136,0.9019325369865469
20,0.6576086282730103,0.902658648000263
21,0.6157490611076355,0.9231585107161143
22,0.5986795425415039,0.9305740987983979
23,0.5850030183792114,0.9206972512211474
24,0.5765763521194458,0.930290262684629
25,0.5570364594459534,0.9201671257439331
26,0.5708611011505127,0.9262726240304716
27,0.5549742579460144,0.9161081275493105
28,0.5595812797546387,0.923140047016339
29,0.5457172989845276,0.9201671257439331
30,0.5412170886993408,0.9269407226217857
31,0.5246785879135132,0.9302880030516881
32,0.5425446629524231,0.9235356545052387
33,0.5342820882797241,0.9197493321112312
34,0.5251731276512146,0.9197493321112312
35,0.5242547392845154,0.9298969441079462
36,0.5119369626045227,0.9270672841240706
37,0.5202606916427612,0.9304136802119624
38,0.5197107195854187,0.9304136802119624
39,0.5146567821502686,0.9336013523403818
40,0.5167669057846069,0.9332641364873245
41,0.5060791373252869,0.9300947173127625
42,0.5143693089485168,0.9300947173127625
43,0.5038968920707703,0.9367959339699182
44,0.5105111598968506,0.9369482042530644
45,0.5022643804550171,0.9305740987983979
46,0.5061483383178711,0.9206972512211474
47,0.49432989954948425,0.9238824292139105
48,0.4992889165878296,0.933403895234667
49,0.48834070563316345,0.9331944929639283
50,0.4918527901172638,0.9298079785717214
51,0.48826444149017334,0.9331944929639283
52,0.49655094742774963,0.930296670691961
53,0.4848339259624481,0.9207586567270932
54,0.4899098873138428,0.9174137732089215
55,0.492987722158432,0.9236461840628508
56,0.481502890586853,0.9205572250628481
57,0.4849110543727875,0.9203797515085309
58,0.47873473167419434,0.9272999261780933
59,0.4804190695285797,0.9173796666432895
60,0.47092723846435547,0.9078454288700538
61,0.47042393684387207,0.9076397535357404
62,0.4842008948326111,0.9076397535357404
63,0.47717756032943726,0.9075142906128821
64,0.4713541865348816,0.9170875420875421
65,0.4880174398422241,0.9170875420875421
66,0.4885236620903015,0.9042886762197551
67,0.4701927900314331,0.9078454288700538
68,0.47847968339920044,0.9108568207733647
69,0.4682212471961975,0.917611206736581
70,0.4691246747970581,0.917611206736581
71,0.4677736461162567,0.9108568207733647
72,0.4692935347557068,0.9108568207733647
73,0.47119569778442383,0.9108199272178069
74,0.46073853969573975,0.9076397535357404
75,0.47095125913619995,0.9076397535357404
76,0.4737163782119751,0.9108199272178069
77,0.4686693549156189,0.9041034684334383
78,0.47356122732162476,0.9041443029811312
79,0.46938180923461914,0.907310668655327
80,0.46212172508239746,0.9077629199509696
81,0.4656684696674347,0.9181340332703662
82,0.47175946831703186,0.9182441807689813
83,0.4733864963054657,0.9214307991889816
84,0.4603465795516968,0.9148313976814366
85,0.46371734142303467,0.9077629199509696
86,0.46336328983306885,0.9041443029811312
87,0.4603249430656433,0.9041034684334383
88,0.46420371532440186,0.904612083970887
89,0.4732930362224579,0.904612083970887
90,0.46283644437789917,0.9111769731715823
91,0.4586014151573181,0.9108568207733647
92,0.4655219614505768,0.9111025839991588
93,0.46724018454551697,0.9112583614244745
94,0.460938036441803,0.9115254992506178
95,0.4528966248035431,0.9048072562358276
96,0.4663929343223572,0.907993071719626
97,0.4587867856025696,0.914359414078541
98,0.45995455980300903,0.9074650794751369
99,0.4700164198875427,0.9007346005342726
100,0.46392250061035156,0.9007346005342726
101,0.46356603503227234,0.9108199272178069
102,0.4567289352416992,0.9044581710157767
103,0.4634706377983093,0.9044581710157767
104,0.45568567514419556,0.9110242227732215
105,0.4615424871444702,0.9075043689546686
106,0.4628946781158447,0.914359414078541
107,0.45797330141067505,0.9044581710157767
108,0.454969584941864,0.9044581710157767
109,0.4476606845855713,0.9044581710157767
110,0.46207934617996216,0.9039023979768208
111,0.4677169919013977,0.9039023979768208
112,0.45965898036956787,0.9039023979768208
113,0.46241575479507446,0.9039023979768208
114,0.45996803045272827,0.8943969430425144
115,0.46138525009155273,0.9011110046930372
116,0.45572060346603394,0.9011110046930372
117,0.4491425156593323,0.9011110046930372
118,0.4522705078125,0.9044581710157767
119,0.44608640670776367,0.9044581710157767
120,0.46053630113601685,0.9042886762197551
121,0.45802703499794006,0.9009310112588257
122,0.4484877586364746,0.9009310112588257
123,0.45665138959884644,0.9009310112588257
124,0.4635634422302246,0.9009310112588257
125,0.4528183341026306,0.9009310112588257
126,0.45260709524154663,0.9044581710157767
127,0.45091497898101807,0.9079441721497937
128,0.4581480324268341,0.9079441721497937
129,0.4549199640750885,0.9011110046930372
130,0.4479002356529236,0.9007346005342726
131,0.4441119134426117,0.9070701150005417
132,0.45514488220214844,0.8971310325476992
133,0.45408201217651367,0.8973506786398202
134,0.4604376554489136,0.904612083970887
135,0.4552900791168213,0.904612083970887
136,0.4575723111629486,0.9012747242780659
137,0.44518721103668213,0.9009310112588257
138,0.46321481466293335,0.9009310112588257
139,0.448786199092865,0.9042886762197551
140,0.45903486013412476,0.904612083970887
141,0.4415792226791382,0.904612083970887
142,0.44511568546295166,0.904612083970887
143,0.4508625268936157,0.9011110046930372
144,0.4435088634490967,0.9041034684334383
1,1.099985957145691,0.1734417344173442
2,1.0907442569732666,0.1734417344173442
3,1.0495429039001465,0.568030471690255
4,0.94781893491745,0.8642731829573934
5,0.779000997543335,0.8447881789558886
6,0.5964725613594055,0.821935791860604
7,0.5822980403900146,0.9005779739386296
8,0.4060927927494049,0.7901769077317665
9,0.5849588513374329,0.8538219521826079
10,0.4764365553855896,0.8527817943950975
11,0.5785940289497375,0.8277010698068189
12,0.5999008417129517,0.8900053806833469
13,0.4217235743999481,0.867014009093217
14,0.41069045662879944,0.8611111111111112
15,0.4158966839313507,0.8784388207313109
16,0.3729337453842163,0.8846994535519125
17,0.3848405182361603,0.8958738920788257
18,0.39436042308807373,0.9125877290417067
19,0.37079036235809326,0.9073989850497538
20,0.341545045375824,0.9234381964270657
21,0.3362237513065338,0.9059980175048166
22,0.34486812353134155,0.9116795302707295
23,0.34898293018341064,0.9280857428355235
24,0.3422335088253021,0.9450038213741819
25,0.33486419916152954,0.9400123246647354
26,0.32777121663093567,0.9346928394927962
27,0.32318902015686035,0.9403417694138007
28,0.3194245398044586,0.9342340384429635
29,0.32140564918518066,0.9283277382024618
30,0.322828084230423,0.9232408944639161
31,0.32156452536582947,0.9232408944639161
32,0.3163568377494812,0.9288283404757278
33,0.3109464645385742,0.9394688644688646
34,0.31135404109954834,0.9456095260640357
35,0.31107276678085327,0.9396568343936765
36,0.31156158447265625,0.9396568343936765
37,0.3085397183895111,0.9341289919813232
38,0.30593401193618774,0.92300218770807
39,0.30475592613220215,0.9291268231430503
40,0.3039900064468384,0.9235445005243345
41,0.30437368154525757,0.9400123246647354
42,0.30548325181007385,0.9344086712507765
43,0.3031682074069977,0.9344086712507765
44,0.30264705419540405,0.9400123246647354
45,0.3010598421096802,0.9290561347006809
46,0.3002847731113434,0.9235445005243345
47,0.30096718668937683,0.9235445005243345
48,0.3010028898715973,0.9235445005243345
49,0.3000517189502716,0.9179566563467492
50,0.29924067854881287,0.9179566563467492
51,0.2987070381641388,0.9234624403198012
52,0.29845738410949707,0.9234624403198012
53,0.2984437942504883,0.9179566563467492
54,0.29831600189208984,0.9235445005243345
55,0.29784315824508667,0.9235445005243345
56,0.29709187150001526,0.9235445005243345
57,0.29690971970558167,0.9290561347006809
58,0.29682549834251404,0.9290561347006809
59,0.29690539836883545,0.9345446679645253
60,0.29685041308403015,0.9345446679645253
61,0.2961849570274353,0.9236074850152768
62,0.29564452171325684,0.9236074850152768
63,0.2962706387042999,0.9236074850152768
64,0.29599666595458984,0.9071865247317344
65,0.29565030336380005,0.9180075108431186
66,0.295474648475647,0.9180075108431186
67,0.29523131251335144,0.9234624403198012
68,0.2950579822063446,0.9234624403198012
69,0.29545989632606506,0.9181578133369546
70,0.2951059937477112,0.9071865247317344
71,0.2946654260158539,0.9071865247317344
72,0.29465097188949585,0.9071865247317344
73,0.29499274492263794,0.9129220869735568
74,0.2946595251560211,0.9129220869735568
75,0.294552206993103,0.9129220869735568
76,0.29446905851364136,0.9129220869735568
77,0.2943227291107178,0.9016604668224965
78,0.2945101261138916,0.9072878255006236
79,0.2947419285774231,0.9179566563467492
80,0.29439735412597656,0.9182234622411235
81,0.2939968705177307,0.9183629541574332
82,0.294143408536911,0.9075992465951898
83,0.2941843271255493,0.9021682459083284
84,0.2939019799232483,0.9021682459083284
85,0.2938176691532135,0.9021682459083284
86,0.2937854528427124,0.9075992465951898
87,0.2938925623893738,0.9075992465951898
88,0.29370659589767456,0.9130546955624355
89,0.29402440786361694,0.9130546955624355
90,0.2937656044960022,0.9078187145835436
91,0.2935742437839508,0.9021682459083284
92,0.29336538910865784,0.9021682459083284
93,0.2937694191932678,0.9021682459083284
94,0.2935580313205719,0.9078187145835436
95,0.2933964133262634,0.9078187145835436
96,0.2936108708381653,0.9130546955624355
97,0.2931869924068451,0.9078187145835436
98,0.293424129486084,0.9078187145835436
99,0.29363566637039185,0.9078187145835436
100,0.29354801774024963,0.9078187145835436
101,0.2932490110397339,0.9078187145835436
102,0.29333263635635376,0.9078187145835436
103,0.29394492506980896,0.9190937117468377
104,0.2934263050556183,0.9025567903190518
105,0.2933090031147003,0.9025567903190518
106,0.293549120426178,0.9025567903190518
107,0.2934107184410095,0.9078187145835436
108,0.29323437809944153,0.9134596606064177
109,0.29328131675720215,0.9025567903190518
110,0.29357215762138367,0.9025567903190518
111,0.2930484116077423,0.9025567903190518
112,0.29318875074386597,0.9025567903190518
113,0.29325568675994873,0.9025567903190518
114,0.2936093509197235,0.9025567903190518
115,0.2931993305683136,0.9025567903190518
116,0.29313090443611145,0.8969501593740944
117,0.2931024134159088,0.907768963897221
118,0.2934207320213318,0.8969501593740944
119,0.2931273877620697,0.8969501593740944
120,0.29304417967796326,0.9025567903190518
121,0.2933918237686157,0.9025567903190518
122,0.293259859085083,0.9079838153686186
123,0.29319626092910767,0.9025567903190518
124,0.29309704899787903,0.9025567903190518
125,0.29301637411117554,0.9025567903190518
126,0.2931496202945709,0.9025567903190518
127,0.2931572496891022,0.8969501593740944
128,0.29347339272499084,0.9025567903190518
129,0.2928110957145691,0.9025567903190518
130,0.29310527443885803,0.9133316382744301
131,0.2929423749446869,0.9025567903190518
132,0.29331615567207336,0.9025567903190518
133,0.29295721650123596,0.9025567903190518
134,0.29298681020736694,0.9025567903190518
