epoch,loss,train_acc
1,1.104811668395996,0.3400826446280992
2,3.391831159591675,0.39669421487603307
3,1.7942265272140503,0.42768595041322316
4,2.56410551071167,0.4231404958677686
5,1.7153748273849487,0.4756198347107438
6,1.2367593050003052,0.3739669421487603
7,1.0266097784042358,0.5524793388429752
8,1.7185993194580078,0.6004132231404958
9,0.9874646067619324,0.4975206611570248
10,0.676525890827179,0.6801652892561983
11,0.803953230381012,0.6140495867768595
12,0.8214282393455505,0.6677685950413224
13,0.6221247911453247,0.7070247933884297
14,0.68683922290802,0.7351239669421488
15,0.5757986307144165,0.759090909090909
16,0.49087589979171753,0.7991735537190082
17,0.4989852011203766,0.7830578512396694
18,0.4623730778694153,0.8264462809917356
19,0.4913128912448883,0.8239669421487603
20,0.3914411962032318,0.8409090909090909
21,0.38804158568382263,0.8661157024793389
22,0.3576616048812866,0.8735537190082645
23,0.3545738160610199,0.8859504132231405
24,0.34464627504348755,0.8900826446280992
25,0.2986268103122711,0.9049586776859504
26,0.3149755299091339,0.8859504132231405
27,0.28003400564193726,0.9016528925619834
28,0.30969443917274475,0.8933884297520661
29,0.2513512670993805,0.9132231404958677
30,0.25831761956214905,0.912396694214876
31,0.2698414921760559,0.8946280991735537
32,0.2427302598953247,0.9231404958677686
33,38.7435188293457,0.802892561983471
34,0.2458130121231079,0.912396694214876
35,0.23930945992469788,0.9128099173553719
36,0.25674229860305786,0.921900826446281
37,0.23391585052013397,0.9202479338842975
38,0.22108051180839539,0.9206611570247933
39,0.20163588225841522,0.928099173553719
40,0.2289995700120926,0.9140495867768595
41,0.2729525566101074,0.9231404958677686
42,0.19097070395946503,0.9305785123966942
43,0.20494338870048523,0.921900826446281
44,0.18966801464557648,0.9305785123966942
45,0.1923791915178299,0.9330578512396694
46,0.19416722655296326,0.9400826446280992
47,0.16376572847366333,0.9491735537190082
48,0.16632461547851562,0.9404958677685951
49,0.1677587926387787,0.9359504132231405
50,0.17380455136299133,0.9380165289256198
51,0.17005176842212677,0.9371900826446281
52,0.16524751484394073,0.937603305785124
53,0.1495857685804367,0.9413223140495868
54,0.16322726011276245,0.937603305785124
55,0.1755966693162918,0.9301652892561983
56,0.14326219260692596,0.9425619834710743
57,0.1602621227502823,0.9334710743801653
58,0.14544083178043365,0.9446280991735537
59,0.13511066138744354,0.9446280991735537
60,0.15397833287715912,0.9326446280991736
61,0.13486285507678986,0.9450413223140496
62,0.15825074911117554,0.9355371900826446
63,0.1596909463405609,0.928099173553719
64,0.13849550485610962,0.9404958677685951
65,0.13254086673259735,0.9466942148760331
66,0.14944855868816376,0.9380165289256198
67,0.12663531303405762,0.9466942148760331
68,0.13139010965824127,0.9466942148760331
69,0.1332952231168747,0.9442148760330579
70,0.1266942322254181,0.9483471074380165
71,0.13071642816066742,0.9466942148760331
72,0.13191646337509155,0.9458677685950413
73,0.13475903868675232,0.9413223140495868
74,0.1311638355255127,0.9404958677685951
75,0.1280135065317154,0.9425619834710743
76,0.12493332475423813,0.9495867768595041
77,0.11765156686306,0.9479338842975207
78,0.11718516796827316,0.9495867768595041
79,0.12294993549585342,0.9479338842975207
80,0.12605035305023193,0.9429752066115702
81,0.12949173152446747,0.9396694214876034
82,0.127502903342247,0.943801652892562
83,0.11475813388824463,0.95
84,0.141966313123703,0.9355371900826446
85,0.12558074295520782,0.9409090909090909
86,0.11093125492334366,0.9483471074380165
87,0.12131168693304062,0.9450413223140496
88,0.11218177527189255,0.9487603305785124
89,0.10971786826848984,0.9549586776859504
90,0.13346895575523376,0.9425619834710743
91,0.1297941505908966,0.9491735537190082
92,0.11817681044340134,0.9475206611570248
93,0.11756955087184906,0.9475206611570248
94,0.13713668286800385,0.9400826446280992
95,0.11763013154268265,0.9454545454545454
96,0.1263946145772934,0.9458677685950413
97,0.10876135528087616,0.9483471074380165
98,0.14087989926338196,0.9334710743801653
99,0.11430589854717255,0.9466942148760331
100,0.13721860945224762,0.9380165289256198
101,0.1288537085056305,0.9355371900826446
102,0.11997155100107193,0.947107438016529
103,0.12085137516260147,0.9454545454545454
104,0.11533243209123611,0.9508264462809918
105,0.11076433211565018,0.9483471074380165
106,0.12306701391935349,0.9466942148760331
107,0.10532093048095703,0.9508264462809918
108,0.12009686231613159,0.9516528925619835
109,0.11285028606653214,0.9508264462809918
110,0.1233661025762558,0.9462809917355371
111,0.11336133629083633,0.9429752066115702
112,0.10831549763679504,0.95
113,0.1252664476633072,0.9400826446280992
114,0.10838978737592697,0.9504132231404959
115,0.12185140699148178,0.9413223140495868
116,0.11987520009279251,0.9442148760330579
117,0.11005061119794846,0.9516528925619835
118,0.15614232420921326,0.9264462809917355
119,0.12833496928215027,0.9417355371900826
120,0.1678941547870636,0.9285123966942149
121,0.1282883882522583,0.9396694214876034
122,0.18826071918010712,0.9185950413223141
123,0.1243572011590004,0.9454545454545454
124,0.19373302161693573,0.921900826446281
125,0.12734892964363098,0.9475206611570248
126,0.33100178837776184,0.8623966942148761
127,0.16149963438510895,0.9289256198347108
128,0.6635330319404602,0.8210743801652892
129,0.2599378526210785,0.881404958677686
130,0.7581503391265869,0.6983471074380165
131,0.6391621828079224,0.7537190082644628
132,0.9006828665733337,0.6772727272727272
133,0.34069156646728516,0.8669421487603306
134,0.17326857149600983,0.9314049586776859
135,0.27506223320961,0.9136363636363637
136,0.29385313391685486,0.9099173553719008
137,0.2575426697731018,0.9136363636363637
138,0.30212917923927307,0.8801652892561983
139,0.2168721854686737,0.9095041322314049
140,0.22880466282367706,0.9169421487603305
141,0.21933449804782867,0.9202479338842975
142,0.23701298236846924,0.9132231404958677
143,0.20364031195640564,0.9185950413223141
144,0.19440029561519623,0.9227272727272727
145,0.1875012367963791,0.9285123966942149
146,0.18151132762432098,0.9289256198347108
147,0.1762053519487381,0.9272727272727272
148,0.17057804763317108,0.9363636363636364
149,0.16865412890911102,0.9351239669421487
150,0.16339460015296936,0.9392561983471074
151,0.1575646847486496,0.9301652892561983
152,0.13837414979934692,0.9413223140495868
153,0.1458331048488617,0.9462809917355371
154,0.13916926085948944,0.9384297520661157
155,0.15259596705436707,0.937603305785124
156,0.1326650083065033,0.9367768595041323
157,0.12809696793556213,0.943801652892562
158,0.11919679492712021,0.9479338842975207
159,0.1387462317943573,0.9462809917355371
160,0.12055850774049759,0.9446280991735537
161,0.12945464253425598,0.9466942148760331
162,0.12834876775741577,0.9388429752066115
163,0.13314831256866455,0.9454545454545454
164,0.1407465785741806,0.9450413223140496
165,0.13563664257526398,0.9384297520661157
166,0.12463713437318802,0.9433884297520662
167,0.13938429951667786,0.9359504132231405
168,0.14844341576099396,0.9330578512396694
169,0.13013842701911926,0.9392561983471074
170,0.11927387118339539,0.9487603305785124
171,0.14125150442123413,0.9400826446280992
172,0.12948736548423767,0.9404958677685951
173,0.11579414457082748,0.9516528925619835
174,0.13310444355010986,0.943801652892562
175,0.1188364177942276,0.9462809917355371
176,0.12401926517486572,0.9417355371900826
177,0.1190214678645134,0.9508264462809918
178,0.11667001247406006,0.9487603305785124
179,0.10667712986469269,0.9491735537190082
180,0.1108139157295227,0.9491735537190082
181,0.1443164348602295,0.9326446280991736
182,0.12056595832109451,0.9475206611570248
183,0.10932920128107071,0.9491735537190082
184,0.12297023832798004,0.9462809917355371
185,0.12251616269350052,0.9388429752066115
186,0.12396804988384247,0.9520661157024793
187,0.10990229994058609,0.9512396694214876
188,0.11425242573022842,0.9479338842975207
189,0.10032697021961212,0.9504132231404959
190,0.10693741589784622,0.9475206611570248
191,0.10678229480981827,0.9545454545454546
192,0.09787266701459885,0.952892561983471
193,0.1088038831949234,0.9537190082644628
194,0.10948962718248367,0.9504132231404959
195,0.10389361530542374,0.9586776859504132
196,0.10071944445371628,0.9479338842975207
197,0.11222568154335022,0.9466942148760331
198,0.10994075983762741,0.9479338842975207
199,0.10750027745962143,0.9504132231404959
200,0.10462214052677155,0.9549586776859504
201,0.10544642060995102,0.9524793388429752
202,0.10708919912576675,0.9533057851239669
203,0.10876401513814926,0.9508264462809918
204,0.10398665815591812,0.95
205,0.10821647942066193,0.9495867768595041
206,0.11299857497215271,0.9504132231404959
207,0.10630661994218826,0.952892561983471
208,0.10459746420383453,0.95
209,0.10756479203701019,0.9516528925619835
210,0.10571426898241043,0.9491735537190082
211,0.11469188332557678,0.9466942148760331
212,0.11227049678564072,0.9504132231404959
213,0.10456756502389908,0.9458677685950413
214,0.1011272445321083,0.9495867768595041
215,0.12160883098840714,0.9446280991735537
216,0.11165256053209305,0.95
217,0.10561241209506989,0.947107438016529
218,0.1127011626958847,0.9429752066115702
219,0.10494501888751984,0.952892561983471
220,0.0994671881198883,0.9508264462809918
221,0.11444171518087387,0.9479338842975207
222,0.11536791175603867,0.9454545454545454
223,0.11358212679624557,0.9442148760330579
224,0.11921225488185883,0.95
225,0.11497561633586884,0.9384297520661157
226,0.09598033130168915,0.9537190082644628
227,0.11827335506677628,0.9462809917355371
228,0.10584203898906708,0.9479338842975207
229,0.11379016190767288,0.9495867768595041
230,0.09698719531297684,0.9553719008264463
231,0.1083563044667244,0.9466942148760331
232,0.10497681796550751,0.952892561983471
233,0.10211239010095596,0.9504132231404959
234,0.10554474592208862,0.947107438016529
235,0.09681742638349533,0.9524793388429752
236,0.11269454658031464,0.9454545454545454
237,0.11092868447303772,0.9524793388429752
238,0.11591890454292297,0.9454545454545454
239,0.11412201821804047,0.9458677685950413
240,0.11354374140501022,0.947107438016529
241,0.10497970879077911,0.9483471074380165
242,0.10847023129463196,0.95
243,0.11907245218753815,0.9400826446280992
244,0.10406922549009323,0.9537190082644628
245,0.10048066824674606,0.9557851239669422
246,0.11595255881547928,0.9442148760330579
247,0.09890345484018326,0.9578512396694215
248,0.10797100514173508,0.9491735537190082
249,0.11211878061294556,0.9450413223140496
250,0.11434970796108246,0.9462809917355371
251,0.11169837415218353,0.9487603305785124
252,0.10254135727882385,0.9483471074380165
253,0.10259781777858734,0.9508264462809918
254,0.09434505552053452,0.9570247933884297
255,0.10201422870159149,0.95
256,0.10000552237033844,0.9524793388429752
257,0.09845391660928726,0.9491735537190082
258,0.10566694289445877,0.9495867768595041
259,0.10102686285972595,0.9512396694214876
260,0.10184415429830551,0.9504132231404959
261,0.11574993282556534,0.9409090909090909
262,0.11610787361860275,0.9442148760330579
263,0.10115641355514526,0.9495867768595041
264,0.10959442704916,0.9520661157024793
265,0.1084490418434143,0.9495867768595041
266,0.11081328243017197,0.9495867768595041
267,0.10695905238389969,0.9537190082644628
268,0.11084767431020737,0.95
269,0.09612827003002167,0.9545454545454546
270,0.10628070682287216,0.95
271,0.10085722804069519,0.9524793388429752
272,0.10433666408061981,0.9512396694214876
273,0.09740441292524338,0.9574380165289256
274,0.0967177301645279,0.9574380165289256
275,0.10022331774234772,0.95
276,0.10572119802236557,0.9508264462809918
277,0.09925716370344162,0.9586776859504132
278,0.08737430721521378,0.9623966942148761
279,0.10782142728567123,0.9520661157024793
280,0.1054348424077034,0.9520661157024793
281,0.11656080186367035,0.947107438016529
282,0.09775631874799728,0.9549586776859504
283,0.09540849179029465,0.9586776859504132
284,0.10541872680187225,0.9495867768595041
285,0.10139071196317673,0.9495867768595041
286,0.0899881049990654,0.9603305785123967
287,0.09635282307863235,0.9570247933884297
288,0.09917125105857849,0.9491735537190082
289,0.10182309150695801,0.9553719008264463
290,0.09294252097606659,0.9586776859504132
291,0.09083953499794006,0.9545454545454546
292,0.1016804575920105,0.959504132231405
293,0.1043221652507782,0.9516528925619835
294,0.10625146329402924,0.9549586776859504
295,0.10001350194215775,0.9623966942148761
296,0.0936647579073906,0.9611570247933884
297,0.10208763927221298,0.9516528925619835
298,0.09840218722820282,0.9537190082644628
299,0.09623769670724869,0.952892561983471
300,0.08921322971582413,0.9557851239669422
301,0.09725800156593323,0.9590909090909091
302,0.1030982956290245,0.9549586776859504
303,0.08849163353443146,0.9615702479338843
304,0.09853766858577728,0.9520661157024793
305,0.09170938283205032,0.9590909090909091
306,0.09256856143474579,0.9578512396694215
307,0.10166261345148087,0.9512396694214876
308,0.11286425590515137,0.9545454545454546
309,0.10432538390159607,0.9582644628099174
310,0.10696698725223541,0.9520661157024793
311,0.09684205055236816,0.9574380165289256
312,0.08916410058736801,0.9652892561983472
313,0.10600799322128296,0.9508264462809918
314,0.09055393934249878,0.9611570247933884
315,0.09340565651655197,0.9549586776859504
316,0.09309196472167969,0.9516528925619835
317,0.09213755279779434,0.9578512396694215
318,0.07955928891897202,0.9648760330578512
319,0.10033687949180603,0.9578512396694215
320,0.09642519056797028,0.9578512396694215
321,0.09327857941389084,0.9545454545454546
322,0.09686851501464844,0.9590909090909091
323,0.08826923370361328,0.9640495867768595
324,0.10049945116043091,0.9570247933884297
325,0.11274667829275131,0.9487603305785124
326,0.0834270566701889,0.959504132231405
327,0.09124700725078583,0.9590909090909091
328,0.09188549965620041,0.9611570247933884
329,0.0937184989452362,0.9541322314049587
330,0.09733550250530243,0.9504132231404959
331,0.10329727083444595,0.959504132231405
332,0.09595200419425964,0.9603305785123967
333,0.08956998586654663,0.9623966942148761
334,0.09438933432102203,0.959504132231405
335,0.09581168740987778,0.9582644628099174
336,0.08273907005786896,0.9570247933884297
337,0.08841035515069962,0.9652892561983472
338,0.10949180275201797,0.9512396694214876
339,0.08851278573274612,0.9623966942148761
340,0.09529001265764236,0.9570247933884297
341,0.0983227789402008,0.9557851239669422
342,0.09800049662590027,0.9520661157024793
343,0.0952969640493393,0.9578512396694215
344,0.08689314126968384,0.9615702479338843
345,0.10749050229787827,0.9557851239669422
346,0.08557215332984924,0.9578512396694215
347,0.09497314691543579,0.9578512396694215
348,0.08825457841157913,0.9578512396694215
349,0.08943521231412888,0.9582644628099174
350,0.09347983449697495,0.956198347107438
351,0.08415689319372177,0.9590909090909091
352,0.07618246227502823,0.9632231404958678
353,0.09715741872787476,0.9570247933884297
354,0.08383027464151382,0.9698347107438017
355,0.0880860984325409,0.9632231404958678
356,0.08876818418502808,0.9648760330578512
357,0.08664895594120026,0.9582644628099174
358,0.10157399624586105,0.9537190082644628
359,0.09556401520967484,0.9590909090909091
360,0.08909162133932114,0.9607438016528925
361,0.09325525164604187,0.9632231404958678
362,0.08319874852895737,0.9648760330578512
363,0.09873829036951065,0.9524793388429752
364,0.09962274879217148,0.9520661157024793
365,0.08067608624696732,0.965702479338843
366,0.09456638246774673,0.9574380165289256
367,0.09437474608421326,0.9574380165289256
368,0.10401344299316406,0.9516528925619835
369,0.08373947441577911,0.959504132231405
370,0.0876467376947403,0.9623966942148761
371,0.09272358566522598,0.9570247933884297
372,0.09224965423345566,0.965702479338843
373,0.08967912942171097,0.9599173553719008
374,0.1041054055094719,0.9504132231404959
375,0.09885206073522568,0.9574380165289256
376,0.09442207217216492,0.9549586776859504
377,0.106367327272892,0.95
378,0.09187764674425125,0.9615702479338843
379,0.08919304609298706,0.9615702479338843
380,0.08846617490053177,0.9607438016528925
381,0.10006614029407501,0.9537190082644628
382,0.09717781841754913,0.9607438016528925
383,0.09226066619157791,0.9619834710743802
384,0.09077087789773941,0.9570247933884297
385,0.1036279946565628,0.9520661157024793
386,0.07831329107284546,0.9677685950413223
387,0.09547654539346695,0.956198347107438
388,0.07852999120950699,0.9599173553719008
389,0.09089724719524384,0.9570247933884297
390,0.084058977663517,0.9632231404958678
391,0.07816129922866821,0.9665289256198347
392,0.09083428233861923,0.9603305785123967
393,0.0880267322063446,0.9549586776859504
394,0.08951336145401001,0.9615702479338843
395,0.08583333343267441,0.9648760330578512
396,0.08964474499225616,0.9590909090909091
397,0.09113779664039612,0.9545454545454546
398,0.09247591346502304,0.9578512396694215
399,0.08716446161270142,0.9557851239669422
400,0.0868479311466217,0.9611570247933884
401,0.08235013484954834,0.9628099173553719
402,0.09867378324270248,0.9578512396694215
403,0.09487650543451309,0.9504132231404959
404,0.08446579426527023,0.9636363636363636
405,0.09412246942520142,0.9578512396694215
406,0.0908798947930336,0.9582644628099174
407,0.08263903111219406,0.9619834710743802
408,0.08742760866880417,0.959504132231405
409,0.07678985595703125,0.96900826446281
410,0.08201470226049423,0.9628099173553719
411,0.09076030552387238,0.956198347107438
412,0.08444158732891083,0.9619834710743802
413,0.08912241458892822,0.9632231404958678
414,0.08471079170703888,0.9611570247933884
415,0.08639810234308243,0.9566115702479339
416,0.09195875376462936,0.9553719008264463
417,0.08199437707662582,0.9607438016528925
418,0.08632435649633408,0.965702479338843
419,0.0828666090965271,0.9615702479338843
420,0.08340156823396683,0.9615702479338843
421,0.09765643626451492,0.9570247933884297
422,0.09382549673318863,0.9586776859504132
423,0.08763298392295837,0.9644628099173553
424,0.08276724070310593,0.9636363636363636
425,0.0835491418838501,0.965702479338843
426,0.08917079865932465,0.9582644628099174
427,0.0940200537443161,0.9623966942148761
428,0.0823003277182579,0.9628099173553719
429,0.09068045020103455,0.9603305785123967
430,0.08223287016153336,0.9619834710743802
431,0.08483462035655975,0.9628099173553719
432,0.08649570494890213,0.9590909090909091
433,0.09261102229356766,0.9553719008264463
434,0.08800467103719711,0.9590909090909091
435,0.08301272243261337,0.9661157024793389
436,0.09003032743930817,0.9623966942148761
437,0.0942804217338562,0.9582644628099174
438,0.08848274499177933,0.9611570247933884
439,0.0875530019402504,0.9623966942148761
440,0.08882758021354675,0.9652892561983472
441,0.08656325191259384,0.9623966942148761
442,0.09630009531974792,0.956198347107438
443,0.08954208344221115,0.9632231404958678
444,0.08876778185367584,0.9599173553719008
445,0.08561013638973236,0.9628099173553719
446,0.09052671492099762,0.9611570247933884
447,0.08545108139514923,0.9603305785123967
448,0.09535393863916397,0.9541322314049587
449,0.09289246797561646,0.9603305785123967
450,0.09211286157369614,0.9619834710743802
451,0.09831289947032928,0.9582644628099174
452,0.08656357228755951,0.9599173553719008
453,0.08800499886274338,0.9545454545454546
454,0.08812286704778671,0.9607438016528925
455,0.075868159532547,0.9681818181818181
456,0.08545379340648651,0.9619834710743802
457,0.08084488660097122,0.9640495867768595
458,0.08548864722251892,0.9628099173553719
459,0.08200272172689438,0.9652892561983472
460,0.09468994289636612,0.9574380165289256
461,0.07973331958055496,0.9677685950413223
462,0.08240870386362076,0.9636363636363636
463,0.09482097625732422,0.9524793388429752
464,0.0940457135438919,0.9557851239669422
465,0.08975375443696976,0.9599173553719008
466,0.08631590753793716,0.9611570247933884
467,0.08172687143087387,0.9636363636363636
468,0.08814927935600281,0.9636363636363636
469,0.08661580830812454,0.9615702479338843
470,0.09331261366605759,0.9570247933884297
471,0.0855022594332695,0.9628099173553719
472,0.0815238431096077,0.9644628099173553
473,0.08093926310539246,0.9652892561983472
474,0.08481814712285995,0.965702479338843
475,0.08353491872549057,0.9640495867768595
476,0.09114879369735718,0.959504132231405
477,0.08654417842626572,0.9648760330578512
478,0.09690754115581512,0.9545454545454546
479,0.0886954814195633,0.965702479338843
480,0.09313646703958511,0.9619834710743802
481,0.09516864269971848,0.9574380165289256
482,0.08772386610507965,0.9615702479338843
483,0.09592163562774658,0.959504132231405
484,0.09688697010278702,0.952892561983471
485,0.09397418797016144,0.9590909090909091
486,0.09640815854072571,0.9533057851239669
487,0.0841323509812355,0.9623966942148761
488,0.08599141240119934,0.9599173553719008
489,0.08384516835212708,0.9619834710743802
490,0.08100564777851105,0.9636363636363636
491,0.08604548126459122,0.9628099173553719
492,0.07920877635478973,0.965702479338843
493,0.08056935667991638,0.9632231404958678
494,0.07768695801496506,0.9673553719008264
495,0.08457764238119125,0.9665289256198347
496,0.0773799866437912,0.9652892561983472
497,0.08870185166597366,0.9582644628099174
498,0.09487733244895935,0.9574380165289256
499,0.100279800593853,0.9533057851239669
500,0.07777000963687897,0.9665289256198347
1,1.1021775007247925,0.3210743801652893
2,1.0865458250045776,0.4578512396694215
3,1.0275382995605469,0.6206611570247934
4,0.9172587394714355,0.4099173553719008
5,0.9742426872253418,0.365702479338843
6,0.6624583601951599,0.7309917355371901
7,0.6403136849403381,0.6520661157024793
8,0.46702316403388977,0.812396694214876
9,0.43919622898101807,0.8347107438016529
10,0.39542698860168457,0.8863636363636364
11,0.24063146114349365,0.9289256198347108
12,0.22952666878700256,0.9190082644628099
13,0.41685858368873596,0.8413223140495868
14,0.3070501983165741,0.9020661157024793
15,0.2655750513076782,0.9161157024793388
16,0.18827536702156067,0.9409090909090909
17,0.2440180778503418,0.9148760330578513
18,0.18892061710357666,0.9276859504132231
19,0.11609992384910583,0.9599173553719008
20,0.13556602597236633,0.9590909090909091
21,0.16241103410720825,0.947107438016529
22,0.12320846319198608,0.9590909090909091
23,0.10951530188322067,0.9648760330578512
24,0.1174602061510086,0.9553719008264463
25,0.09735862165689468,0.9681818181818181
26,0.08824829757213593,0.9723140495867768
27,0.08955816179513931,0.9694214876033058
28,0.09677544236183167,0.9714876033057851
29,0.08420220017433167,0.9735537190082645
30,0.07721076160669327,0.9756198347107438
31,0.0743989646434784,0.9764462809917356
32,0.06891228258609772,0.9776859504132231
33,0.0641765370965004,0.9801652892561984
34,0.06224096566438675,0.9797520661157024
35,0.0623282827436924,0.9797520661157024
36,0.06074312701821327,0.981404958677686
37,0.052032049745321274,0.9834710743801653
38,0.05258174613118172,0.9826446280991735
39,0.05138053745031357,0.9838842975206612
40,0.046841930598020554,0.9834710743801653
41,0.04777853935956955,0.9867768595041322
42,0.04445866495370865,0.9863636363636363
43,0.044049154967069626,0.9871900826446282
44,0.04355191811919212,0.9871900826446282
45,0.0388333797454834,0.9880165289256199
46,0.03868293762207031,0.9884297520661157
47,0.0381179116666317,0.987603305785124
48,0.03947385400533676,0.987603305785124
49,0.03566332906484604,0.9900826446280991
50,0.03837298974394798,0.9863636363636363
51,0.03480145335197449,0.987603305785124
52,0.03087027743458748,0.990495867768595
53,0.03403208777308464,0.9900826446280991
54,0.03296872228384018,0.9896694214876033
55,0.02948792837560177,0.990495867768595
56,0.029923560097813606,0.9896694214876033
57,0.027941778302192688,0.990495867768595
58,0.032307617366313934,0.9900826446280991
59,0.025897013023495674,0.993801652892562
60,0.02879909798502922,0.987603305785124
61,0.026226233690977097,0.9921487603305785
62,0.026531988754868507,0.990495867768595
63,0.025829538702964783,0.9913223140495868
64,0.0262003093957901,0.9896694214876033
65,0.02372824028134346,0.9921487603305785
66,0.023984046652913094,0.9921487603305785
67,0.02149929292500019,0.9921487603305785
68,0.02311307191848755,0.9917355371900827
69,0.024084294214844704,0.9925619834710744
70,0.021730145439505577,0.9917355371900827
71,0.02168753370642662,0.9925619834710744
72,0.023069294169545174,0.9913223140495868
73,0.03598294034600258,0.987603305785124
74,0.019991891458630562,0.9929752066115702
75,0.059686992317438126,0.9772727272727273
76,0.28262123465538025,0.9066115702479339
77,0.7708101868629456,0.7979338842975207
78,0.28450578451156616,0.8933884297520661
79,0.6599794030189514,0.78099173553719
80,0.14950434863567352,0.9462809917355371
81,0.30315712094306946,0.8524793388429752
82,0.3271634578704834,0.8590909090909091
83,0.08780442178249359,0.9830578512396694
84,0.09005483984947205,0.978099173553719
85,0.12556689977645874,0.9578512396694215
86,0.1310623735189438,0.9541322314049587
87,0.109208844602108,0.9603305785123967
88,0.07892698794603348,0.9776859504132231
89,0.05887765809893608,0.9834710743801653
90,0.0677853375673294,0.9789256198347107
91,0.08076789230108261,0.9735537190082645
92,0.078925222158432,0.9731404958677686
93,0.07242079079151154,0.9756198347107438
94,0.05489259958267212,0.981404958677686
95,0.05633100867271423,0.9818181818181818
96,0.058783456683158875,0.9826446280991735
97,0.05390991270542145,0.984297520661157
98,0.055522315204143524,0.9805785123966942
99,0.05632868409156799,0.9797520661157024
100,0.05204712599515915,0.9847107438016529
101,0.04732462391257286,0.984297520661157
102,0.04517335072159767,0.9830578512396694
103,0.040122225880622864,0.9859504132231405
104,0.0463859848678112,0.984297520661157
105,0.04898085072636604,0.9855371900826446
106,0.043057382106781006,0.9859504132231405
107,0.041007254272699356,0.9863636363636363
108,0.036913685500621796,0.9880165289256199
109,0.0378497913479805,0.9847107438016529
110,0.03569810092449188,0.9888429752066116
111,0.03699466958642006,0.9871900826446282
112,0.03602214157581329,0.9884297520661157
113,0.035899415612220764,0.9896694214876033
114,0.03452521562576294,0.9900826446280991
115,0.03298231214284897,0.990909090909091
116,0.030112363398075104,0.9913223140495868
117,0.032068558037281036,0.9900826446280991
118,0.03081926330924034,0.990495867768595
119,0.033239416778087616,0.9892561983471074
120,0.028992358595132828,0.9913223140495868
121,0.030013760551810265,0.9896694214876033
122,0.02829107828438282,0.9892561983471074
123,0.029959900304675102,0.9888429752066116
124,0.027568144723773003,0.990909090909091
125,0.024414170533418655,0.9917355371900827
126,0.027013447135686874,0.9917355371900827
127,0.027240995317697525,0.9913223140495868
128,0.027296891435980797,0.990495867768595
129,0.027024658396840096,0.9900826446280991
130,0.02507457323372364,0.990909090909091
131,0.025577915832400322,0.9913223140495868
132,0.025434816256165504,0.9892561983471074
133,0.023859215900301933,0.9917355371900827
134,0.025035487487912178,0.9917355371900827
135,0.024975813925266266,0.9917355371900827
136,0.025425029918551445,0.9913223140495868
137,0.023958498612046242,0.9896694214876033
138,0.02437317743897438,0.9917355371900827
139,0.022255657240748405,0.9921487603305785
140,0.023210806772112846,0.9929752066115702
141,0.022116992622613907,0.9925619834710744
142,0.024161186069250107,0.990909090909091
143,0.02323688566684723,0.9917355371900827
144,0.023062238469719887,0.9917355371900827
145,0.022221844643354416,0.9917355371900827
146,0.021896924823522568,0.9917355371900827
147,0.021525653079152107,0.9929752066115702
148,0.021289275959134102,0.9921487603305785
149,0.021779611706733704,0.9929752066115702
150,0.02145637944340706,0.9921487603305785
151,0.02079514041543007,0.9925619834710744
152,0.019841168075799942,0.9921487603305785
153,0.019695764407515526,0.9929752066115702
154,0.021035095676779747,0.990909090909091
155,0.019784023985266685,0.9913223140495868
156,0.024158349260687828,0.9925619834710744
157,0.020625507459044456,0.9925619834710744
158,0.021022887900471687,0.9917355371900827
159,0.02153525874018669,0.990909090909091
160,0.021085403859615326,0.9929752066115702
161,0.022166552022099495,0.9925619834710744
162,0.019799843430519104,0.990909090909091
163,0.01972160115838051,0.993801652892562
164,0.023562008515000343,0.9892561983471074
165,0.019481217488646507,0.9917355371900827
166,0.019945107400417328,0.9925619834710744
167,0.020606007426977158,0.9933884297520661
168,0.02048848196864128,0.9921487603305785
169,0.018290173262357712,0.9929752066115702
170,0.0213305726647377,0.990495867768595
171,0.019771981984376907,0.9933884297520661
172,0.020079579204320908,0.9925619834710744
173,0.023656556382775307,0.9917355371900827
174,0.018511053174734116,0.9933884297520661
175,0.020098399370908737,0.9933884297520661
176,0.02250683680176735,0.9888429752066116
177,0.018220940604805946,0.9946280991735538
178,0.019674625247716904,0.9929752066115702
179,0.02001890540122986,0.9929752066115702
180,0.019741524010896683,0.9925619834710744
181,0.01941363513469696,0.9921487603305785
182,0.019208677113056183,0.9900826446280991
183,0.017493238672614098,0.9933884297520661
184,0.017442893236875534,0.993801652892562
185,0.01880684122443199,0.9925619834710744
186,0.019783422350883484,0.9929752066115702
187,0.017882272601127625,0.993801652892562
188,0.01820731908082962,0.9917355371900827
189,0.01903700642287731,0.9913223140495868
190,0.016882067546248436,0.9933884297520661
191,0.018449725583195686,0.9913223140495868
192,0.01978340558707714,0.9929752066115702
193,0.018994711339473724,0.9925619834710744
194,0.021909523755311966,0.9884297520661157
195,0.01697539910674095,0.9933884297520661
196,0.017901699990034103,0.9933884297520661
197,0.020787525922060013,0.9925619834710744
198,0.016142724081873894,0.9933884297520661
199,0.0162260252982378,0.9950413223140496
200,0.018352145329117775,0.9929752066115702
201,0.01639748178422451,0.9946280991735538
202,0.015411315485835075,0.993801652892562
203,0.01790190488100052,0.9933884297520661
204,0.01893477886915207,0.993801652892562
205,0.018298881128430367,0.9913223140495868
206,0.017031295225024223,0.9921487603305785
207,0.015910973772406578,0.9933884297520661
208,0.016640469431877136,0.9950413223140496
209,0.017322426661849022,0.9929752066115702
210,0.016350217163562775,0.9921487603305785
211,0.01709950901567936,0.9946280991735538
212,0.01625892147421837,0.9942148760330578
213,0.0178590789437294,0.9917355371900827
214,0.018742289394140244,0.9929752066115702
215,0.01717722788453102,0.9933884297520661
216,0.016757458448410034,0.9946280991735538
217,0.016270767897367477,0.9933884297520661
218,0.01813095062971115,0.993801652892562
219,0.016603974625468254,0.993801652892562
220,0.017620449885725975,0.9929752066115702
221,0.017134487628936768,0.9929752066115702
222,0.017383476719260216,0.9929752066115702
223,0.019269688054919243,0.9925619834710744
224,0.018057020381093025,0.9929752066115702
225,0.018102386966347694,0.993801652892562
226,0.01560917403548956,0.9942148760330578
227,0.017928777262568474,0.9933884297520661
228,0.017862608656287193,0.9917355371900827
229,0.018076656386256218,0.9929752066115702
230,0.01695828139781952,0.9946280991735538
231,0.016870448365807533,0.9942148760330578
232,0.01738564297556877,0.9933884297520661
233,0.016850508749485016,0.9933884297520661
234,0.01618802361190319,0.993801652892562
235,0.017857499420642853,0.993801652892562
236,0.0155798876658082,0.993801652892562
237,0.016335152089595795,0.9933884297520661
238,0.021588865667581558,0.990495867768595
239,0.018308404833078384,0.9929752066115702
240,0.020528823137283325,0.9929752066115702
241,0.015419762581586838,0.9942148760330578
242,0.0172798540443182,0.9933884297520661
243,0.018338559195399284,0.9929752066115702
244,0.016101999208331108,0.9933884297520661
245,0.015817319974303246,0.9942148760330578
246,0.020381035283207893,0.9925619834710744
247,0.0185150895267725,0.993801652892562
248,0.01816515065729618,0.9917355371900827
249,0.02157830260694027,0.9896694214876033
250,0.016221635043621063,0.9933884297520661
251,0.015985218808054924,0.9929752066115702
252,0.016048960387706757,0.9946280991735538
253,0.017337443307042122,0.9950413223140496
254,0.015389244072139263,0.9942148760330578
255,0.015947187319397926,0.9946280991735538
256,0.016461659222841263,0.9929752066115702
257,0.01609128713607788,0.993801652892562
258,0.014778492040932178,0.9942148760330578
259,0.01669749617576599,0.993801652892562
260,0.016833942383527756,0.9946280991735538
261,0.014319098554551601,0.9950413223140496
262,0.015765009447932243,0.993801652892562
263,0.01562969945371151,0.9929752066115702
264,0.015762874856591225,0.993801652892562
265,0.016471391543745995,0.993801652892562
266,0.014663043431937695,0.9950413223140496
267,0.01820298284292221,0.9925619834710744
268,0.016001759096980095,0.993801652892562
269,0.015035497024655342,0.9946280991735538
270,0.016289224848151207,0.9946280991735538
271,0.01593925803899765,0.9942148760330578
272,0.016552502289414406,0.9913223140495868
273,0.015603437088429928,0.9942148760330578
274,0.017244674265384674,0.9933884297520661
275,0.015115774236619473,0.9929752066115702
276,0.0157468281686306,0.993801652892562
277,0.014391393400728703,0.9946280991735538
278,0.01626668870449066,0.9942148760330578
279,0.015007811598479748,0.9950413223140496
280,0.01590944640338421,0.9933884297520661
281,0.014904819428920746,0.9942148760330578
282,0.016527410596609116,0.9933884297520661
283,0.016457241028547287,0.9946280991735538
284,0.016397826373577118,0.9933884297520661
285,0.014446178451180458,0.993801652892562
286,0.014347719959914684,0.9946280991735538
287,0.01468984317034483,0.9942148760330578
288,0.014454351738095284,0.9942148760330578
289,0.014401706866919994,0.9950413223140496
290,0.01704341359436512,0.9925619834710744
291,0.015670839697122574,0.9942148760330578
292,0.018805300816893578,0.9900826446280991
293,0.014527046121656895,0.9950413223140496
294,0.01504105981439352,0.9950413223140496
295,0.017072467133402824,0.9925619834710744
296,0.01637994684278965,0.993801652892562
297,0.015950748696923256,0.9921487603305785
298,0.017366789281368256,0.9929752066115702
299,0.018615111708641052,0.9929752066115702
300,0.020978504791855812,0.9929752066115702
301,0.019737469032406807,0.9921487603305785
302,0.015459704212844372,0.9942148760330578
303,0.017501631751656532,0.9933884297520661
304,0.019020549952983856,0.9929752066115702
305,0.015173109248280525,0.9946280991735538
306,0.017797578126192093,0.9933884297520661
307,0.014810949563980103,0.9954545454545455
308,0.015323249623179436,0.9925619834710744
309,0.016945527866482735,0.9925619834710744
310,0.014213532209396362,0.9954545454545455
311,0.015605180524289608,0.9942148760330578
312,0.016914179548621178,0.9921487603305785
313,0.015367649495601654,0.9942148760330578
314,0.014872732572257519,0.9946280991735538
315,0.01418781466782093,0.9954545454545455
316,0.017406055703759193,0.9929752066115702
317,0.014423049055039883,0.9946280991735538
318,0.0156855545938015,0.9942148760330578
319,0.015709413215517998,0.9942148760330578
320,0.014577658846974373,0.993801652892562
321,0.014744104817509651,0.9942148760330578
322,0.014667417854070663,0.9933884297520661
323,0.01596851646900177,0.9946280991735538
324,0.015473838895559311,0.9929752066115702
325,0.013383583165705204,0.9950413223140496
326,0.015050044283270836,0.9942148760330578
327,0.015860173851251602,0.9925619834710744
328,0.014318165369331837,0.9958677685950413
329,0.015178858302533627,0.993801652892562
330,0.013791593722999096,0.9946280991735538
331,0.014183870516717434,0.9942148760330578
332,0.015909990295767784,0.993801652892562
333,0.01570473425090313,0.9950413223140496
334,0.014724945649504662,0.9946280991735538
335,0.015337078832089901,0.9921487603305785
336,0.014812883920967579,0.9942148760330578
337,0.013889255933463573,0.9946280991735538
338,0.01557308342307806,0.9942148760330578
339,0.013999458402395248,0.9946280991735538
340,0.016683537513017654,0.9921487603305785
341,0.014840851537883282,0.9942148760330578
342,0.016017958521842957,0.993801652892562
343,0.013876290991902351,0.9942148760330578
344,0.015073749236762524,0.9942148760330578
345,0.014630085788667202,0.9954545454545455
346,0.014694426208734512,0.993801652892562
347,0.013707570731639862,0.9946280991735538
348,0.014425689354538918,0.9946280991735538
349,0.015625949949026108,0.9950413223140496
350,0.0156929362565279,0.9933884297520661
351,0.01639541983604431,0.993801652892562
352,0.01476567517966032,0.9950413223140496
353,0.014085239730775356,0.9950413223140496
354,0.01581830345094204,0.9921487603305785
355,0.013600479811429977,0.9946280991735538
356,0.01344690378755331,0.9942148760330578
357,0.015567360445857048,0.9942148760330578
358,0.013236776925623417,0.9954545454545455
359,0.014400077052414417,0.9946280991735538
360,0.015189534984529018,0.9946280991735538
361,0.015245103277266026,0.993801652892562
362,0.01440281979739666,0.9933884297520661
363,0.014799556694924831,0.9950413223140496
364,0.014180042780935764,0.9942148760330578
365,0.015625324100255966,0.993801652892562
366,0.013688160106539726,0.9954545454545455
367,0.016107913106679916,0.9950413223140496
368,0.014439387246966362,0.9954545454545455
369,0.01362622156739235,0.9950413223140496
370,0.014503223821520805,0.9946280991735538
371,0.01546709518879652,0.993801652892562
372,0.014962166547775269,0.9933884297520661
373,0.014528700150549412,0.9942148760330578
374,0.014236407354474068,0.9954545454545455
375,0.014282595366239548,0.9954545454545455
376,0.01510593295097351,0.9942148760330578
377,0.01431525219231844,0.9950413223140496
378,0.013857418671250343,0.9933884297520661
379,0.015298882499337196,0.9942148760330578
380,0.014174165204167366,0.9950413223140496
381,0.014849402941763401,0.9946280991735538
382,0.013857541605830193,0.9942148760330578
383,0.018413066864013672,0.9917355371900827
384,0.014852618798613548,0.9950413223140496
385,0.013395077548921108,0.9950413223140496
386,0.014548401348292828,0.9950413223140496
387,0.015488971024751663,0.9929752066115702
388,0.013085859827697277,0.9950413223140496
389,0.013495461083948612,0.9950413223140496
390,0.013447698205709457,0.993801652892562
391,0.016461124643683434,0.9942148760330578
392,0.013100743293762207,0.9946280991735538
393,0.015169416554272175,0.9929752066115702
394,0.015589946880936623,0.9946280991735538
395,0.014039485715329647,0.993801652892562
396,0.014435306191444397,0.9946280991735538
397,0.014233119785785675,0.9950413223140496
398,0.014006510376930237,0.9942148760330578
399,0.01488674245774746,0.993801652892562
400,0.014708318747580051,0.9917355371900827
401,0.01505249086767435,0.9942148760330578
402,0.013542275875806808,0.9942148760330578
403,0.018123067915439606,0.993801652892562
404,0.013230578973889351,0.9946280991735538
405,0.014275318942964077,0.9946280991735538
406,0.013330289162695408,0.9942148760330578
407,0.015359553508460522,0.9946280991735538
408,0.014927010051906109,0.9946280991735538
409,0.01326929870992899,0.9946280991735538
410,0.014738108031451702,0.9942148760330578
411,0.013612437061965466,0.9958677685950413
412,0.013520939275622368,0.993801652892562
413,0.014118235558271408,0.9933884297520661
414,0.013354262337088585,0.9950413223140496
415,0.01317557692527771,0.9942148760330578
416,0.013795452192425728,0.9954545454545455
417,0.014569588005542755,0.993801652892562
418,0.01333029754459858,0.9946280991735538
419,0.01375853456556797,0.9942148760330578
420,0.01315240003168583,0.9946280991735538
421,0.01358108501881361,0.9946280991735538
422,0.013361303135752678,0.9942148760330578
423,0.013752128928899765,0.9950413223140496
424,0.014943325892090797,0.9942148760330578
425,0.015523122623562813,0.993801652892562
426,0.015096286311745644,0.9942148760330578
427,0.015625957399606705,0.993801652892562
428,0.013966182246804237,0.9958677685950413
429,0.014229146763682365,0.993801652892562
430,0.01611756719648838,0.9946280991735538
431,0.013947236351668835,0.9950413223140496
432,0.015122616663575172,0.993801652892562
433,0.015049631707370281,0.9946280991735538
434,0.014249849133193493,0.9946280991735538
435,0.013478725217282772,0.9946280991735538
436,0.013480179943144321,0.9954545454545455
437,0.014052905142307281,0.9946280991735538
438,0.014754238538444042,0.9933884297520661
439,0.01502921525388956,0.993801652892562
440,0.013991231098771095,0.9946280991735538
441,0.014056592248380184,0.9946280991735538
442,0.013624373823404312,0.9954545454545455
443,0.01366807334125042,0.9950413223140496
444,0.013996902853250504,0.9954545454545455
445,0.014169911853969097,0.9946280991735538
446,0.013780496083199978,0.993801652892562
447,0.012488947249948978,0.9958677685950413
448,0.012932111509144306,0.9962809917355372
449,0.014332389459013939,0.993801652892562
450,0.01264396496117115,0.9958677685950413
451,0.01583564467728138,0.9942148760330578
452,0.013534377329051495,0.9942148760330578
453,0.013623060658574104,0.9958677685950413
454,0.015165412798523903,0.9933884297520661
455,0.01385149359703064,0.9933884297520661
456,0.01373416930437088,0.9942148760330578
457,0.01377550046890974,0.9946280991735538
458,0.012926199473440647,0.9958677685950413
459,0.013906467705965042,0.9942148760330578
460,0.016828108578920364,0.9925619834710744
461,0.01528087630867958,0.9946280991735538
462,0.01374798733741045,0.9946280991735538
463,0.01462181843817234,0.993801652892562
464,0.013646606355905533,0.993801652892562
465,0.013822689652442932,0.9942148760330578
466,0.012647159397602081,0.9954545454545455
467,0.01567895896732807,0.9929752066115702
468,0.015298658981919289,0.993801652892562
469,0.013941558077931404,0.9946280991735538
470,0.01380059402436018,0.9954545454545455
471,0.014126052148640156,0.993801652892562
472,0.013042052276432514,0.9942148760330578
473,0.01380343921482563,0.9954545454545455
474,0.012791887857019901,0.9954545454545455
475,0.017465073615312576,0.990495867768595
476,0.012851420789957047,0.9958677685950413
477,0.01377710048109293,0.9933884297520661
478,0.013399749994277954,0.9954545454545455
479,0.013618703931570053,0.9946280991735538
480,0.013821547850966454,0.9933884297520661
481,0.014096134342253208,0.9942148760330578
482,0.01347485650330782,0.9950413223140496
483,0.013985731638967991,0.9942148760330578
484,0.014024827629327774,0.9950413223140496
485,0.014027568511664867,0.993801652892562
486,0.013868957757949829,0.9954545454545455
487,0.013759165070950985,0.9950413223140496
488,0.014296308159828186,0.993801652892562
489,0.016164662316441536,0.9942148760330578
490,0.014667246490716934,0.9929752066115702
491,0.01356931496411562,0.9958677685950413
492,0.013962436467409134,0.9950413223140496
493,0.01427440159022808,0.993801652892562
494,0.01424744538962841,0.993801652892562
495,0.014875662513077259,0.9942148760330578
496,0.014036210253834724,0.9942148760330578
497,0.014752077870070934,0.993801652892562
498,0.013220589607954025,0.9950413223140496
499,0.014047770760953426,0.9950413223140496
500,0.014144050888717175,0.9942148760330578
1,1.1026328802108765,0.350968351440718
2,1.0914098024368286,0.3811998110533774
3,1.0830470323562622,0.6542276806802079
4,1.0654481649398804,0.6561171469059991
5,1.05874764919281,0.6561171469059991
6,1.0346375703811646,0.6613131790269249
7,0.9936053156852722,0.6792631081719415
8,0.9617148041725159,0.7080774681152574
9,0.9148008227348328,0.721303731695796
10,0.8744014501571655,0.7208313651393481
11,0.8223433494567871,0.7137458667926311
12,0.7843106985092163,0.726027397260274
13,0.7170601487159729,0.7567312234293812
14,0.6781049966812134,0.7987718469532357
15,0.6163423657417297,0.8455361360415683
16,0.5510035157203674,0.872461029759093
17,0.49948450922966003,0.8974964572508266
18,0.4689309000968933,0.9116674539442607
19,0.4260854125022888,0.9272555503070382
20,0.3796597719192505,0.9461502125649504
21,0.33667558431625366,0.956542276806802
22,0.3003459870815277,0.958904109589041
23,0.26705625653266907,0.9617383089277279
24,0.22204725444316864,0.9641001417099669
25,0.19301825761795044,0.968823807274445
26,0.17395681142807007,0.9707132735002362
27,0.1470799446105957,0.973547472838923
28,0.12797163426876068,0.9744922059518186
29,0.11648178100585938,0.9763816721776098
30,0.10145258158445358,0.9787435049598489
31,0.08981988579034805,0.9787435049598489
32,0.07863768935203552,0.9792158715162966
33,0.07802437990903854,0.9815777042985356
34,0.0690823644399643,0.9834671705243269
35,0.06025872007012367,0.9834671705243269
36,0.07067481428384781,0.9844119036372225
37,0.059133678674697876,0.9863013698630136
38,0.05066172033548355,0.9853566367501181
39,0.0485086664557457,0.9853566367501181
40,0.05210437998175621,0.9877184695323571
41,0.0477776899933815,0.9844119036372225
42,0.04779093712568283,0.9853566367501181
43,0.0604279525578022,0.9900803023145961
44,0.03801862150430679,0.9881908360888049
45,0.05340194329619408,0.9886632026452528
46,0.04644623398780823,0.9900803023145961
47,0.0405891016125679,0.9877184695323571
48,0.035424403846263885,0.9867737364194615
49,0.05135900154709816,0.9877184695323571
50,0.04188038408756256,0.9914974019839395
51,0.0339139923453331,0.9910250354274918
52,0.0322878472507,0.990552668871044
53,0.03795941174030304,0.9914974019839395
54,0.04226100817322731,0.992914501653283
55,0.029916174709796906,0.9924421350968351
56,0.03240462765097618,0.9896079357581483
57,0.030208824202418327,0.9886632026452528
58,0.035092394798994064,0.9891355692017005
59,0.040541332215070724,0.9919697685403873
60,0.027916904538869858,0.9933868682097308
61,0.03335629776120186,0.9919697685403873
62,0.03542987257242203,0.9924421350968351
63,0.0424557626247406,0.992914501653283
64,0.030933359637856483,0.9919697685403873
65,0.023652484640479088,0.9881908360888049
66,0.03047519363462925,0.9872461029759093
67,0.03791648894548416,0.9881908360888049
68,0.027327246963977814,0.9919697685403873
69,0.026287782937288284,0.992914501653283
70,0.026244306936860085,0.9933868682097308
71,0.025561049580574036,0.992914501653283
72,0.029315529391169548,0.9933868682097308
73,0.02681904472410679,0.9933868682097308
74,0.020849265158176422,0.9924421350968351
75,0.023606842383742332,0.992914501653283
76,0.022040406242012978,0.9914974019839395
77,0.026129167526960373,0.9919697685403873
78,0.026121029630303383,0.9919697685403873
79,0.027285290881991386,0.9933868682097308
80,0.02265802212059498,0.9933868682097308
81,0.021901477128267288,0.9933868682097308
82,0.023636238649487495,0.9933868682097308
83,0.024795372039079666,0.9933868682097308
84,0.024065980687737465,0.9938592347661785
85,0.02489105798304081,0.9938592347661785
86,0.01927245408296585,0.9938592347661785
87,0.022678125649690628,0.9938592347661785
88,0.019947664812207222,0.9933868682097308
89,0.024734141305088997,0.9933868682097308
90,0.019328638911247253,0.9943316013226263
91,0.022421881556510925,0.9943316013226263
92,0.022749798372387886,0.9943316013226263
93,0.020691800862550735,0.9948039678790742
94,0.02004469744861126,0.9943316013226263
95,0.023337852209806442,0.9943316013226263
96,0.02094777300953865,0.9943316013226263
97,0.018080608919262886,0.9948039678790742
98,0.020138613879680634,0.9943316013226263
99,0.021118607372045517,0.9938592347661785
100,0.018358537927269936,0.9938592347661785
101,0.01933664083480835,0.9943316013226263
102,0.01958017796278,0.9943316013226263
103,0.017998820170760155,0.9948039678790742
104,0.022312577813863754,0.995276334435522
105,0.018568653613328934,0.995276334435522
106,0.025815032422542572,0.9933868682097308
107,0.02021964080631733,0.9933868682097308
108,0.022975416854023933,0.9933868682097308
109,0.02065473236143589,0.9948039678790742
110,0.01846797950565815,0.9943316013226263
111,0.017503254115581512,0.9900803023145961
112,0.023073285818099976,0.990552668871044
113,0.021077383309602737,0.9924421350968351
114,0.019554996863007545,0.9943316013226263
115,0.019958307966589928,0.9933868682097308
116,0.020007790997624397,0.992914501653283
117,0.02682218886911869,0.992914501653283
118,0.020242715254426003,0.9933868682097308
119,0.019460203126072884,0.9948039678790742
120,0.018485991284251213,0.9943316013226263
121,0.01716386340558529,0.9933868682097308
122,0.021889440715312958,0.9943316013226263
123,0.02248862013220787,0.9943316013226263
124,0.01871574856340885,0.9948039678790742
125,0.019693901762366295,0.9943316013226263
126,0.018468789756298065,0.9938592347661785
127,0.019421866163611412,0.9943316013226263
128,0.017416536808013916,0.995276334435522
129,0.015743136405944824,0.9948039678790742
130,0.018399996683001518,0.9943316013226263
131,0.01722479611635208,0.9948039678790742
132,0.02082725241780281,0.9948039678790742
133,0.01705032028257847,0.9948039678790742
134,0.020205792039632797,0.995276334435522
135,0.018940329551696777,0.9948039678790742
136,0.018028773367404938,0.9962210675484175
137,0.017308276146650314,0.9962210675484175
138,0.015235275961458683,0.9957487009919698
139,0.016346070915460587,0.995276334435522
140,0.013499263674020767,0.9957487009919698
141,0.01860911212861538,0.9957487009919698
142,0.015566161833703518,0.9957487009919698
143,0.015491263940930367,0.995276334435522
144,0.016114747151732445,0.9957487009919698
145,0.01596711203455925,0.995276334435522
146,0.013948896899819374,0.9957487009919698
147,0.015718191862106323,0.995276334435522
148,0.015973662957549095,0.995276334435522
149,0.016718648374080658,0.995276334435522
150,0.015019412152469158,0.9957487009919698
151,0.016403423622250557,0.995276334435522
152,0.01414002850651741,0.9948039678790742
153,0.014672880060970783,0.995276334435522
154,0.014816799201071262,0.995276334435522
155,0.01445359829813242,0.9957487009919698
156,0.013702349737286568,0.9957487009919698
157,0.014512604102492332,0.995276334435522
158,0.015648989006876945,0.9962210675484175
159,0.016269734129309654,0.995276334435522
160,0.01431844849139452,0.995276334435522
161,0.015808377414941788,0.995276334435522
162,0.013323206454515457,0.9957487009919698
163,0.015752865001559258,0.9962210675484175
164,0.015315164811909199,0.9957487009919698
165,0.013699160888791084,0.9957487009919698
166,0.015645114704966545,0.9957487009919698
167,0.0152025381103158,0.995276334435522
168,0.01593352109193802,0.995276334435522
169,0.015417219139635563,0.995276334435522
170,0.01547692809253931,0.995276334435522
171,0.015162228606641293,0.995276334435522
172,0.015557987615466118,0.9957487009919698
173,0.015493231825530529,0.9957487009919698
174,0.014432241208851337,0.995276334435522
175,0.016498195007443428,0.9957487009919698
176,0.01493851188570261,0.9966934341048653
177,0.017457617446780205,0.9966934341048653
178,0.014430196955800056,0.9957487009919698
179,0.015976695343852043,0.9957487009919698
180,0.012902962975203991,0.9966934341048653
181,0.01348018366843462,0.9966934341048653
182,0.013884861953556538,0.9962210675484175
183,0.013179786503314972,0.9962210675484175
184,0.013863218016922474,0.9957487009919698
185,0.015647204592823982,0.9957487009919698
186,0.015415539033710957,0.9957487009919698
187,0.013233267702162266,0.9957487009919698
188,0.014857514761388302,0.9962210675484175
189,0.013404278084635735,0.9957487009919698
190,0.012006811797618866,0.9957487009919698
191,0.01228555478155613,0.9962210675484175
192,0.01277620904147625,0.9962210675484175
193,0.012885314412415028,0.9957487009919698
194,0.012443066574633121,0.9948039678790742
195,0.014545075595378876,0.9948039678790742
196,0.015365490689873695,0.9962210675484175
197,0.0135422982275486,0.9957487009919698
198,0.015372875146567822,0.9957487009919698
199,0.013913936913013458,0.9962210675484175
200,0.016865532845258713,0.9957487009919698
201,0.014341659843921661,0.9948039678790742
202,0.014063873328268528,0.9948039678790742
203,0.012412922456860542,0.995276334435522
204,0.01522025279700756,0.995276334435522
205,0.012099824845790863,0.9948039678790742
206,0.01625792682170868,0.9943316013226263
207,0.01488746888935566,0.9948039678790742
208,0.013195285573601723,0.9957487009919698
209,0.012368092313408852,0.995276334435522
210,0.016969973221421242,0.995276334435522
211,0.015137688256800175,0.9957487009919698
212,0.01449540164321661,0.9957487009919698
213,0.016869226470589638,0.9948039678790742
214,0.014310046099126339,0.9962210675484175
215,0.018620170652866364,0.9957487009919698
216,0.014631127938628197,0.9948039678790742
217,0.015526617877185345,0.9948039678790742
218,0.017978204414248466,0.9962210675484175
219,0.013675130903720856,0.9962210675484175
220,0.013422220945358276,0.9957487009919698
221,0.014739600010216236,0.9957487009919698
222,0.01695682667195797,0.9962210675484175
223,0.01306705828756094,0.9957487009919698
224,0.01207649428397417,0.9957487009919698
225,0.013077867217361927,0.9957487009919698
226,0.01309623196721077,0.9957487009919698
227,0.015857059508562088,0.995276334435522
228,0.011666078120470047,0.9962210675484175
229,0.01291688159108162,0.9966934341048653
230,0.014920582063496113,0.9962210675484175
231,0.014316877350211143,0.9957487009919698
232,0.013589455746114254,0.9957487009919698
233,0.012893020175397396,0.995276334435522
234,0.013221916742622852,0.995276334435522
235,0.013386844657361507,0.9957487009919698
236,0.013419294729828835,0.9966934341048653
237,0.016291668638586998,0.9966934341048653
238,0.01399727538228035,0.9957487009919698
239,0.015653397887945175,0.9966934341048653
240,0.014334694482386112,0.9966934341048653
241,0.014497004449367523,0.9957487009919698
242,0.01385603565722704,0.9938592347661785
243,0.014337565749883652,0.9938592347661785
244,0.015709007158875465,0.995276334435522
245,0.012322446331381798,0.9966934341048653
246,0.012126775458455086,0.9966934341048653
247,0.015990925952792168,0.9966934341048653
248,0.011062120087444782,0.9966934341048653
249,0.012943781912326813,0.9966934341048653
250,0.013519138097763062,0.9971658006613132
251,0.013828222639858723,0.9971658006613132
252,0.013566501438617706,0.9966934341048653
253,0.0128705482929945,0.995276334435522
254,0.011691708117723465,0.9948039678790742
255,0.014361454173922539,0.9948039678790742
256,0.014447832480072975,0.995276334435522
257,0.015263342298567295,0.9966934341048653
258,0.011781899258494377,0.9966934341048653
259,0.012713683769106865,0.9971658006613132
260,0.01131795346736908,0.9971658006613132
261,0.011916616931557655,0.9971658006613132
262,0.014033635146915913,0.9971658006613132
263,0.012897874228656292,0.9966934341048653
264,0.013922291807830334,0.9962210675484175
265,0.012404612265527248,0.9948039678790742
266,0.011935270391404629,0.995276334435522
267,0.01320700068026781,0.9966934341048653
268,0.012441352009773254,0.9966934341048653
269,0.012451978400349617,0.9971658006613132
270,0.014613663777709007,0.9966934341048653
271,0.015423698350787163,0.9966934341048653
272,0.012933005578815937,0.9966934341048653
273,0.011242907494306564,0.9962210675484175
274,0.013302919454872608,0.9962210675484175
275,0.012644849717617035,0.9962210675484175
276,0.013733342289924622,0.9962210675484175
277,0.010708876885473728,0.9966934341048653
278,0.01114276610314846,0.9962210675484175
279,0.013784993439912796,0.9962210675484175
280,0.013441845774650574,0.9962210675484175
281,0.012173373252153397,0.9971658006613132
282,0.014016732573509216,0.9966934341048653
283,0.011417122557759285,0.9966934341048653
284,0.012256735935807228,0.9966934341048653
285,0.013544694520533085,0.9971658006613132
286,0.012503506615757942,0.9966934341048653
287,0.010409372858703136,0.9966934341048653
288,0.01166557613760233,0.9957487009919698
289,0.015627829357981682,0.9962210675484175
290,0.012681975029408932,0.9966934341048653
291,0.011540286242961884,0.997638167217761
292,0.012905748561024666,0.9971658006613132
293,0.011713020503520966,0.9971658006613132
294,0.014334279112517834,0.9971658006613132
295,0.013385695405304432,0.9971658006613132
296,0.011229042895138264,0.9966934341048653
297,0.013746429234743118,0.995276334435522
298,0.014720799401402473,0.995276334435522
299,0.012202195823192596,0.9966934341048653
300,0.013278723694384098,0.9966934341048653
301,0.012009799480438232,0.9971658006613132
302,0.013193614780902863,0.9971658006613132
303,0.012873651459813118,0.9971658006613132
304,0.013547374866902828,0.9971658006613132
305,0.01023597177118063,0.9971658006613132
306,0.011100424453616142,0.9966934341048653
307,0.012971516698598862,0.9966934341048653
308,0.012228602543473244,0.9966934341048653
309,0.0115011902526021,0.9966934341048653
310,0.012763935141265392,0.9966934341048653
311,0.010175123810768127,0.9966934341048653
312,0.01093091070652008,0.9966934341048653
313,0.01078364159911871,0.9971658006613132
314,0.014603810384869576,0.997638167217761
315,0.0113303791731596,0.9971658006613132
316,0.011190516874194145,0.9971658006613132
317,0.011161914095282555,0.9971658006613132
318,0.011522290296852589,0.9971658006613132
319,0.011905732564628124,0.9971658006613132
320,0.012096946127712727,0.9971658006613132
321,0.011127161793410778,0.9962210675484175
322,0.012009890750050545,0.9962210675484175
323,0.01133365835994482,0.9962210675484175
324,0.012426936067640781,0.9962210675484175
325,0.010324896313250065,0.9966934341048653
326,0.01420717965811491,0.9971658006613132
327,0.01360967755317688,0.997638167217761
328,0.012190539389848709,0.9971658006613132
329,0.011257871054112911,0.9971658006613132
330,0.009945880621671677,0.9971658006613132
331,0.013156000524759293,0.9971658006613132
332,0.01402010302990675,0.9971658006613132
333,0.01150178536772728,0.997638167217761
334,0.009975632652640343,0.9966934341048653
335,0.011873790994286537,0.9966934341048653
336,0.011328515596687794,0.9966934341048653
337,0.012158784084022045,0.9966934341048653
338,0.011094448156654835,0.9966934341048653
339,0.011606136336922646,0.9966934341048653
340,0.011801302433013916,0.9966934341048653
341,0.011789756827056408,0.9966934341048653
342,0.013207782991230488,0.9971658006613132
343,0.010236485861241817,0.997638167217761
344,0.009930741973221302,0.997638167217761
345,0.011350220069289207,0.997638167217761
346,0.010239904746413231,0.997638167217761
347,0.013973360881209373,0.997638167217761
348,0.013500113971531391,0.997638167217761
349,0.011588169261813164,0.997638167217761
350,0.010595184750854969,0.9971658006613132
351,0.012034031562507153,0.9971658006613132
352,0.011084368452429771,0.9971658006613132
353,0.011934095993638039,0.9971658006613132
354,0.012223748490214348,0.9971658006613132
355,0.010310516692698002,0.9971658006613132
356,0.014762509614229202,0.9971658006613132
357,0.010965326800942421,0.9971658006613132
358,0.013115993700921535,0.9971658006613132
359,0.012227345257997513,0.9962210675484175
360,0.011727975681424141,0.9957487009919698
361,0.012932280078530312,0.9957487009919698
362,0.013383771292865276,0.9962210675484175
363,0.01418862584978342,0.9971658006613132
364,0.01115647703409195,0.9971658006613132
365,0.012775588780641556,0.9971658006613132
366,0.011268782429397106,0.9971658006613132
367,0.013173326849937439,0.9971658006613132
368,0.013272167183458805,0.9971658006613132
369,0.011604523286223412,0.9971658006613132
370,0.010846052318811417,0.9971658006613132
371,0.011953556910157204,0.9971658006613132
372,0.009389090351760387,0.9971658006613132
373,0.011725716292858124,0.9971658006613132
374,0.013087356463074684,0.9971658006613132
375,0.011492380872368813,0.9971658006613132
376,0.01202518492937088,0.9971658006613132
377,0.00998774915933609,0.9971658006613132
378,0.012354087084531784,0.9971658006613132
379,0.012070351280272007,0.9971658006613132
380,0.011627101339399815,0.997638167217761
381,0.012586032040417194,0.997638167217761
382,0.010339351370930672,0.9971658006613132
383,0.010302957147359848,0.9971658006613132
384,0.012536101043224335,0.9971658006613132
385,0.010304296389222145,0.9971658006613132
386,0.011355241760611534,0.9971658006613132
387,0.011958811432123184,0.9971658006613132
388,0.011117909103631973,0.9971658006613132
389,0.011458729393780231,0.9971658006613132
390,0.01083649042993784,0.9971658006613132
391,0.01215432770550251,0.9971658006613132
392,0.010342561639845371,0.9971658006613132
393,0.010171082802116871,0.9971658006613132
394,0.011840892024338245,0.9971658006613132
395,0.011693546548485756,0.997638167217761
396,0.013345202431082726,0.997638167217761
397,0.011216041631996632,0.997638167217761
398,0.012738192453980446,0.997638167217761
399,0.010390618816018105,0.997638167217761
400,0.011377138085663319,0.997638167217761
401,0.01055604126304388,0.9971658006613132
402,0.010645451955497265,0.9971658006613132
403,0.010774373076856136,0.9971658006613132
404,0.012204248458147049,0.9971658006613132
405,0.012453311122953892,0.9971658006613132
406,0.010719328187406063,0.9971658006613132
407,0.010854762978851795,0.9971658006613132
408,0.011990283615887165,0.9971658006613132
409,0.013050520792603493,0.9971658006613132
410,0.009635829366743565,0.997638167217761
411,0.012001295574009418,0.997638167217761
412,0.010453586466610432,0.997638167217761
413,0.013492712751030922,0.997638167217761
414,0.010759594850242138,0.9971658006613132
415,0.010834873653948307,0.9971658006613132
416,0.010258624330163002,0.9971658006613132
417,0.010207832790911198,0.9971658006613132
418,0.010416850447654724,0.9971658006613132
419,0.01114426739513874,0.997638167217761
420,0.012275676243007183,0.997638167217761
421,0.011987882666289806,0.9971658006613132
422,0.010583012364804745,0.9971658006613132
423,0.010213421657681465,0.9971658006613132
424,0.011057551950216293,0.9971658006613132
425,0.01067262887954712,0.9971658006613132
426,0.011121942661702633,0.9971658006613132
427,0.013190267607569695,0.9971658006613132
428,0.013870740309357643,0.9971658006613132
429,0.01133983489125967,0.9971658006613132
430,0.011397793889045715,0.9971658006613132
431,0.011035073548555374,0.9971658006613132
432,0.010764813981950283,0.9971658006613132
433,0.011580677703022957,0.9971658006613132
434,0.010997737757861614,0.9971658006613132
435,0.012258444912731647,0.9971658006613132
436,0.011722025461494923,0.9971658006613132
437,0.010940558277070522,0.9971658006613132
438,0.010731549002230167,0.997638167217761
439,0.01051116082817316,0.997638167217761
440,0.009090877138078213,0.997638167217761
441,0.01011209562420845,0.997638167217761
442,0.011105646379292011,0.997638167217761
443,0.010632200166583061,0.997638167217761
444,0.012685013003647327,0.997638167217761
445,0.009694315493106842,0.997638167217761
446,0.012081827968358994,0.997638167217761
447,0.011959066614508629,0.997638167217761
448,0.011226503178477287,0.997638167217761
449,0.012095961719751358,0.997638167217761
450,0.012311656028032303,0.997638167217761
451,0.014411099255084991,0.997638167217761
452,0.010354236699640751,0.997638167217761
453,0.010647903196513653,0.997638167217761
454,0.009497951716184616,0.997638167217761
455,0.010815506801009178,0.997638167217761
456,0.011171731166541576,0.997638167217761
457,0.0102722542360425,0.997638167217761
458,0.012210849672555923,0.997638167217761
459,0.009754126891493797,0.997638167217761
460,0.012565034441649914,0.997638167217761
461,0.010367029346525669,0.997638167217761
462,0.013444468379020691,0.997638167217761
463,0.010714944452047348,0.997638167217761
464,0.010500369593501091,0.997638167217761
465,0.011594546027481556,0.997638167217761
466,0.011904017999768257,0.997638167217761
467,0.009963412769138813,0.997638167217761
468,0.010985459201037884,0.997638167217761
469,0.011059466749429703,0.997638167217761
470,0.009641166776418686,0.997638167217761
471,0.011426271870732307,0.997638167217761
472,0.011891781352460384,0.997638167217761
473,0.010660766623914242,0.997638167217761
474,0.0103714345023036,0.997638167217761
475,0.012552236206829548,0.997638167217761
476,0.011445500887930393,0.997638167217761
477,0.010138862766325474,0.997638167217761
478,0.011746009811758995,0.997638167217761
479,0.009422356262803078,0.997638167217761
480,0.011405758559703827,0.997638167217761
481,0.010257522575557232,0.997638167217761
482,0.01346524152904749,0.997638167217761
483,0.010203562676906586,0.997638167217761
484,0.011186634190380573,0.997638167217761
485,0.009327747859060764,0.997638167217761
486,0.010560781694948673,0.997638167217761
487,0.010953986085951328,0.997638167217761
488,0.010609026998281479,0.997638167217761
489,0.010217299684882164,0.997638167217761
490,0.010447798296809196,0.997638167217761
491,0.010965067893266678,0.997638167217761
492,0.009822881780564785,0.997638167217761
493,0.009770002216100693,0.997638167217761
494,0.010495821945369244,0.997638167217761
495,0.011342440731823444,0.997638167217761
496,0.010493778623640537,0.997638167217761
497,0.011944927275180817,0.997638167217761
498,0.011133293621242046,0.997638167217761
499,0.012530711479485035,0.997638167217761
500,0.009361350908875465,0.997638167217761
1,1.1832326650619507,0.37033538025507795
2,1.090147852897644,0.35899858290033065
3,1.102980375289917,0.3561643835616438
4,1.1101199388504028,0.5441662730278696
5,1.027846097946167,0.6433632498819084
6,1.006190299987793,0.6622579121398205
7,0.9499648213386536,0.6717052432687766
8,0.9040798544883728,0.8001889466225791
9,0.8670733571052551,0.9291450165328294
10,0.8143167495727539,0.942371280113368
11,0.7577828764915466,0.9437883797827114
12,0.7032235264778137,0.9253660840812471
13,0.6612735390663147,0.8833254605573926
14,0.6057963371276855,0.8464808691544639
15,0.6085015535354614,0.8545111006140765
16,0.5570809841156006,0.8979688238072745
17,0.52614426612854,0.9258384506376949
18,0.4761965870857239,0.9442607463391592
19,0.4543673098087311,0.9508738781294285
20,0.43269777297973633,0.9522909777987718
21,0.3990528881549835,0.9532357109116675
22,0.3864181637763977,0.9532357109116675
23,0.36115115880966187,0.954180444024563
24,0.341073602437973,0.9546528105810108
25,0.3366813361644745,0.9555975436939065
26,0.31286388635635376,0.9574870099196977
27,0.2863661050796509,0.9607935758148323
28,0.2953188121318817,0.9650448748228625
29,0.2889573276042938,0.9669343410486537
30,0.4181637763977051,0.9617383089277279
31,0.28713682293891907,0.9555975436939065
32,0.2794964909553528,0.9612659423712802
33,0.2879572808742523,0.9702409069437884
34,0.2724844515323639,0.9749645725082664
35,0.25699594616889954,0.9707132735002362
36,0.2854979634284973,0.973547472838923
37,0.24732087552547455,0.9763816721776098
38,0.24073925614356995,0.9773264052905054
39,0.25066283345222473,0.9782711384034011
40,0.2540116012096405,0.9792158715162966
41,0.22887662053108215,0.9801606046291923
42,0.2411079853773117,0.9825224374114313
43,0.22198079526424408,0.9834671705243269
44,0.22982771694660187,0.9825224374114313
45,0.22742591798305511,0.9834671705243269
46,0.22536423802375793,0.9839395370807746
47,0.20537477731704712,0.9853566367501181
48,0.19693699479103088,0.9839395370807746
49,0.19404706358909607,0.9853566367501181
50,0.20631693303585052,0.9853566367501181
51,0.19314347207546234,0.9853566367501181
52,0.21926333010196686,0.9853566367501181
53,0.18311667442321777,0.9867737364194615
54,0.1949263960123062,0.9867737364194615
55,0.18402501940727234,0.9877184695323571
56,0.1987285315990448,0.9886632026452528
57,0.1748378425836563,0.9900803023145961
58,0.16927823424339294,0.9881908360888049
59,0.18540170788764954,0.9886632026452528
60,0.17339390516281128,0.9896079357581483
61,0.18518903851509094,0.9900803023145961
62,0.17164765298366547,0.9914974019839395
63,0.17615534365177155,0.9910250354274918
64,0.17593085765838623,0.9910250354274918
65,0.17143647372722626,0.9919697685403873
66,0.17934007942676544,0.990552668871044
67,0.17630535364151,0.990552668871044
68,0.16948018968105316,0.9919697685403873
69,0.1593509167432785,0.992914501653283
70,0.1675041913986206,0.992914501653283
71,0.15404990315437317,0.992914501653283
72,0.16844071447849274,0.992914501653283
73,0.1617189198732376,0.9933868682097308
74,0.15595468878746033,0.9943316013226263
75,0.1589566171169281,0.9938592347661785
76,0.16786198318004608,0.9948039678790742
77,0.16919362545013428,0.9943316013226263
78,0.15611785650253296,0.9948039678790742
79,0.14959844946861267,0.9938592347661785
80,0.1457665115594864,0.9943316013226263
81,0.1542915552854538,0.9948039678790742
82,0.13838344812393188,0.995276334435522
83,0.15230707824230194,0.9933868682097308
84,0.15832363069057465,0.9933868682097308
85,0.1447899490594864,0.995276334435522
86,0.14494553208351135,0.995276334435522
87,0.12769314646720886,0.9971658006613132
88,0.14398929476737976,0.9957487009919698
89,0.1418001651763916,0.9966934341048653
90,0.13555580377578735,0.9971658006613132
91,0.15527336299419403,0.997638167217761
92,0.1431739628314972,0.997638167217761
93,0.14192180335521698,0.9971658006613132
94,0.13274985551834106,0.9957487009919698
95,0.13471762835979462,0.9966934341048653
96,0.12668636441230774,0.9971658006613132
97,0.13277257978916168,0.997638167217761
98,0.13174429535865784,0.9981105337742088
99,0.14983238279819489,0.9981105337742088
100,0.1285237818956375,0.9985829003306566
101,0.14532645046710968,0.9985829003306566
102,0.12643885612487793,0.9981105337742088
103,0.14494433999061584,0.9981105337742088
104,0.133149191737175,0.9985829003306566
105,0.13097995519638062,0.9985829003306566
106,0.14175160229206085,0.9990552668871044
107,0.12242711335420609,0.9995276334435522
108,0.13010810315608978,0.9995276334435522
109,0.13346916437149048,0.9995276334435522
110,0.13079619407653809,0.9995276334435522
111,0.12219417095184326,1.0
112,0.11834198981523514,0.9990552668871044
113,0.1253657341003418,0.9985829003306566
114,0.12479212880134583,0.9971658006613132
115,0.13272874057292938,0.9981105337742088
116,0.12053348869085312,0.9990552668871044
117,0.12572696805000305,1.0
118,0.12517273426055908,1.0
119,0.10657769441604614,1.0
120,0.1174597442150116,0.9995276334435522
121,0.11580587923526764,1.0
122,0.11847301572561264,1.0
123,0.11874983459711075,0.9995276334435522
124,0.12215113639831543,0.9995276334435522
125,0.11285713315010071,0.9995276334435522
126,0.12338082492351532,0.9995276334435522
127,0.12016529589891434,0.9995276334435522
128,0.10839991271495819,0.9995276334435522
129,0.11358357965946198,0.9995276334435522
130,0.11424735933542252,1.0
131,0.10821583867073059,1.0
132,0.11581530421972275,1.0
133,0.1040569618344307,1.0
134,0.13395944237709045,1.0
135,0.10780537873506546,1.0
136,0.11504528671503067,1.0
137,0.10696633905172348,1.0
138,0.1189223900437355,1.0
139,0.11039423942565918,1.0
140,0.10589363425970078,1.0
141,0.11530099809169769,1.0
142,0.12274494022130966,1.0
143,0.10631342977285385,1.0
144,0.1241048276424408,1.0
145,0.12763066589832306,1.0
146,0.10307436436414719,1.0
147,0.11099133640527725,1.0
148,0.09990224242210388,1.0
149,0.12296877056360245,1.0
150,0.11347152292728424,1.0
151,0.09601305425167084,1.0
152,0.10108204931020737,1.0
153,0.10079480707645416,1.0
154,0.11400990188121796,1.0
155,0.10410209745168686,1.0
156,0.10669936239719391,1.0
157,0.10757647454738617,1.0
158,0.10801199078559875,1.0
159,0.10647673159837723,1.0
160,0.1067052111029625,1.0
161,0.09002991020679474,1.0
162,0.10215043276548386,1.0
163,0.11074044555425644,1.0
164,0.10114261507987976,1.0
165,0.10378780961036682,1.0
166,0.1072758287191391,1.0
167,0.0964372381567955,1.0
168,0.11239377409219742,1.0
169,0.11262070387601852,1.0
170,0.10056725144386292,1.0
171,0.10335150361061096,1.0
172,0.08607229590415955,1.0
173,0.11301115155220032,1.0
174,0.11285308003425598,1.0
175,0.09358114004135132,1.0
176,0.10667406022548676,1.0
177,0.10463053733110428,1.0
178,0.09878642112016678,1.0
179,0.1031005010008812,1.0
180,0.10762076079845428,1.0
181,0.10620418190956116,1.0
182,0.10129547864198685,1.0
183,0.09386180341243744,1.0
184,0.09905988723039627,1.0
185,0.10367103666067123,1.0
186,0.10089575499296188,1.0
187,0.0897597149014473,1.0
188,0.09199624508619308,1.0
189,0.10786724090576172,1.0
190,0.10850151628255844,1.0
191,0.09542320668697357,1.0
192,0.09942203760147095,1.0
193,0.10593739151954651,1.0
194,0.09570223838090897,1.0
195,0.10528743267059326,1.0
196,0.09562253952026367,1.0
197,0.10589628666639328,1.0
198,0.10825429856777191,1.0
199,0.10855402797460556,1.0
200,0.10392814874649048,1.0
201,0.08543773740530014,1.0
202,0.0972004309296608,1.0
203,0.09642835706472397,1.0
204,0.09621813893318176,1.0
205,0.09987124800682068,1.0
206,0.1133124902844429,1.0
207,0.10326600819826126,1.0
208,0.1033795177936554,1.0
209,0.1045650988817215,1.0
210,0.10015308111906052,1.0
211,0.09796270728111267,1.0
212,0.09182745218276978,1.0
213,0.09934505075216293,1.0
214,0.08457615226507187,1.0
215,0.10613517463207245,1.0
216,0.09528689086437225,1.0
217,0.09580954909324646,1.0
218,0.0966285690665245,1.0
219,0.09536659717559814,1.0
220,0.09833353757858276,1.0
221,0.10085692256689072,1.0
222,0.09144305437803268,1.0
223,0.09430062025785446,1.0
224,0.09057756513357162,1.0
225,0.10618051886558533,1.0
226,0.09882727265357971,1.0
227,0.08767909556627274,1.0
228,0.09325186908245087,1.0
229,0.09616178274154663,1.0
230,0.09849566221237183,1.0
231,0.08239983767271042,1.0
232,0.11226804554462433,1.0
233,0.09316914528608322,1.0
234,0.10579945892095566,1.0
235,0.08701450377702713,1.0
236,0.10106087476015091,1.0
237,0.1027781292796135,1.0
238,0.08754560351371765,1.0
239,0.09326620399951935,1.0
240,0.08898259699344635,1.0
241,0.11259844154119492,1.0
242,0.09256128966808319,1.0
243,0.08735034614801407,1.0
244,0.1100967600941658,1.0
245,0.09637816995382309,1.0
246,0.1019781306385994,1.0
247,0.09125763922929764,1.0
248,0.10422103106975555,1.0
249,0.08537867665290833,1.0
250,0.09142401069402695,1.0
251,0.0956641361117363,1.0
252,0.09042452275753021,1.0
253,0.08676175773143768,1.0
254,0.08951877802610397,1.0
255,0.0981123298406601,1.0
256,0.08704064786434174,1.0
257,0.08319360762834549,1.0
258,0.10886751115322113,1.0
259,0.09655683487653732,1.0
260,0.08453059196472168,1.0
261,0.0845886841416359,1.0
262,0.10183040797710419,1.0
263,0.09046173095703125,1.0
264,0.09881937503814697,1.0
265,0.09309083968400955,1.0
266,0.09058132767677307,1.0
267,0.09916103631258011,1.0
268,0.09692463278770447,1.0
269,0.09052346646785736,1.0
270,0.10173994302749634,1.0
271,0.09611159563064575,1.0
272,0.09278801083564758,1.0
273,0.09312324970960617,1.0
274,0.08976436406373978,1.0
275,0.09640954434871674,1.0
276,0.09027194231748581,1.0
277,0.08364083617925644,1.0
278,0.09747939556837082,1.0
279,0.0909632220864296,1.0
280,0.09228122234344482,1.0
281,0.09074278175830841,1.0
282,0.0833984985947609,1.0
283,0.09541113674640656,1.0
284,0.09052173793315887,1.0
285,0.09711191803216934,1.0
286,0.09083909541368484,1.0
287,0.09388712793588638,1.0
288,0.0876096561551094,1.0
289,0.09377755224704742,1.0
290,0.09448060393333435,1.0
291,0.08708886802196503,1.0
292,0.08074233680963516,1.0
293,0.0884561687707901,1.0
294,0.08994903415441513,1.0
295,0.08960158377885818,1.0
296,0.10011932253837585,1.0
297,0.09156633168458939,1.0
298,0.09569823741912842,1.0
299,0.0903940200805664,1.0
300,0.09740918129682541,1.0
301,0.09807562083005905,1.0
302,0.08913755416870117,1.0
303,0.1057651937007904,1.0
304,0.09840045124292374,1.0
305,0.09303998947143555,1.0
306,0.09436322748661041,1.0
307,0.09182862192392349,1.0
308,0.08853273093700409,1.0
309,0.08723549544811249,1.0
310,0.09326563030481339,1.0
311,0.09548165649175644,1.0
312,0.0974363312125206,1.0
313,0.09326958656311035,1.0
314,0.0900130644440651,1.0
315,0.08346700668334961,1.0
316,0.08944270759820938,1.0
317,0.0895577222108841,1.0
318,0.08661457151174545,1.0
319,0.09388691186904907,1.0
320,0.09696818888187408,1.0
321,0.09197428822517395,1.0
322,0.086100734770298,1.0
323,0.09425083547830582,1.0
324,0.09777267277240753,1.0
325,0.0919213816523552,1.0
326,0.08827251940965652,1.0
327,0.09308632463216782,1.0
328,0.09205722063779831,1.0
329,0.08792693167924881,1.0
330,0.09633269906044006,1.0
331,0.10176655650138855,1.0
332,0.09217101335525513,1.0
333,0.083411805331707,1.0
334,0.0969633013010025,1.0
335,0.08191868662834167,1.0
336,0.08255680650472641,1.0
337,0.08627930283546448,1.0
338,0.09739167988300323,1.0
339,0.09015874564647675,1.0
340,0.08664246648550034,1.0
341,0.09147963672876358,1.0
342,0.08357792347669601,1.0
343,0.08460615575313568,1.0
344,0.08626282960176468,1.0
345,0.10455849766731262,1.0
346,0.09136602282524109,1.0
347,0.09095042943954468,1.0
348,0.09339094161987305,1.0
349,0.09696409106254578,1.0
350,0.09304755181074142,1.0
351,0.0999821200966835,1.0
352,0.07597104460000992,1.0
353,0.08786461502313614,1.0
354,0.08404216915369034,1.0
355,0.0960921123623848,1.0
356,0.08437245339155197,1.0
357,0.08435093611478806,1.0
358,0.09471315145492554,1.0
359,0.0830424576997757,1.0
360,0.09198859333992004,1.0
361,0.08338999003171921,1.0
362,0.07223037630319595,1.0
363,0.0870472639799118,1.0
364,0.09992970526218414,1.0
365,0.086909219622612,1.0
366,0.09767363220453262,1.0
367,0.09533748775720596,1.0
368,0.08689230680465698,1.0
369,0.09779080003499985,1.0
370,0.08884574472904205,1.0
371,0.08444344997406006,1.0
372,0.08912338316440582,1.0
373,0.086630679666996,1.0
374,0.0772658959031105,1.0
375,0.08021609485149384,1.0
376,0.087002232670784,1.0
377,0.08729500323534012,1.0
378,0.08732865005731583,1.0
379,0.0916367918252945,1.0
380,0.08336656540632248,1.0
381,0.07724960148334503,1.0
382,0.07591592520475388,1.0
383,0.07081740349531174,1.0
384,0.09213399887084961,1.0
385,0.08702771365642548,1.0
386,0.07704228162765503,1.0
387,0.09364964067935944,1.0
388,0.08565767854452133,1.0
389,0.09680406749248505,1.0
390,0.09692724794149399,1.0
391,0.09196572005748749,1.0
392,0.09094911068677902,1.0
393,0.08659769594669342,1.0
394,0.08125238120555878,1.0
395,0.08616167306900024,1.0
396,0.08895682543516159,1.0
397,0.08182889968156815,1.0
398,0.0924936980009079,1.0
399,0.09902950376272202,1.0
400,0.10213228315114975,1.0
401,0.08751906454563141,1.0
402,0.09484495222568512,1.0
403,0.09056675434112549,1.0
404,0.08239371329545975,1.0
405,0.07411079108715057,1.0
406,0.08902975916862488,1.0
407,0.08488637953996658,1.0
408,0.08209626376628876,1.0
409,0.08674614876508713,1.0
410,0.08370650559663773,1.0
411,0.09927623718976974,1.0
412,0.09266673773527145,1.0
413,0.08164060115814209,1.0
414,0.0810980349779129,1.0
415,0.09005042165517807,1.0
416,0.08840145915746689,1.0
417,0.08970809727907181,1.0
418,0.09106595069169998,1.0
419,0.0841069146990776,1.0
420,0.08796658366918564,1.0
421,0.08526337146759033,1.0
422,0.08170289546251297,1.0
423,0.09207029640674591,1.0
424,0.1030181422829628,1.0
425,0.08722174167633057,1.0
426,0.08740139752626419,1.0
427,0.08221776783466339,1.0
428,0.09465451538562775,1.0
429,0.08409013599157333,1.0
430,0.07989510893821716,1.0
431,0.0881858840584755,1.0
432,0.09368658810853958,1.0
433,0.09275084733963013,1.0
434,0.08173903822898865,1.0
435,0.08712063729763031,1.0
436,0.07971952855587006,1.0
437,0.07050292938947678,1.0
438,0.07904071360826492,1.0
439,0.08853372186422348,1.0
440,0.08535049855709076,1.0
441,0.08846072107553482,1.0
442,0.08782163262367249,1.0
443,0.08076205849647522,1.0
444,0.09188773483037949,1.0
445,0.0781937763094902,1.0
446,0.08122637867927551,1.0
447,0.07680923491716385,1.0
448,0.0848662480711937,1.0
449,0.08836744725704193,1.0
450,0.08067897707223892,1.0
451,0.08299969136714935,1.0
452,0.07536164671182632,1.0
453,0.08388369530439377,1.0
454,0.09386700391769409,1.0
455,0.0999053418636322,1.0
456,0.08783593028783798,1.0
457,0.08275802433490753,1.0
458,0.09085222333669662,1.0
459,0.08544141799211502,1.0
460,0.09120245277881622,1.0
461,0.09348126500844955,1.0
462,0.09022632241249084,1.0
463,0.08836552500724792,1.0
464,0.07897303998470306,1.0
465,0.08834144473075867,1.0
466,0.08438967913389206,1.0
467,0.07976360619068146,1.0
468,0.0793016254901886,1.0
469,0.08643671125173569,1.0
470,0.08502417057752609,1.0
471,0.09413009136915207,1.0
472,0.08761913329362869,1.0
473,0.08935027569532394,1.0
474,0.08794783800840378,1.0
475,0.09364326298236847,1.0
476,0.08252313733100891,1.0
477,0.10438327491283417,1.0
478,0.07707875221967697,1.0
479,0.09180594235658646,1.0
480,0.09221058338880539,1.0
481,0.08147351443767548,1.0
482,0.08695809543132782,1.0
483,0.09254185855388641,1.0
484,0.09201668947935104,1.0
485,0.08169431239366531,1.0
486,0.08713186532258987,1.0
487,0.09324902296066284,1.0
488,0.08511357009410858,1.0
489,0.08345145732164383,1.0
490,0.08677062392234802,1.0
491,0.08790788799524307,1.0
492,0.07810666412115097,1.0
493,0.08669347316026688,1.0
494,0.08024650067090988,1.0
495,0.0884082019329071,1.0
496,0.0904889777302742,1.0
497,0.08285141736268997,1.0
498,0.08788323402404785,1.0
499,0.08608197420835495,1.0
500,0.09265806525945663,1.0
1,1.1006168127059937,0.17277913610431947
2,1.0903733968734741,0.17277913610431947
3,1.0976022481918335,0.17277913610431947
4,1.08567214012146,0.2796873135219
5,1.075549840927124,0.5178849313502779
6,1.069257140159607,0.6648490595859017
7,1.0514187812805176,0.8620574951743784
8,1.0421260595321655,0.8827761389708293
9,1.016342282295227,0.8823195989733796
10,1.012176275253296,0.8917660697237696
11,1.006395697593689,0.895562333163893
12,0.9754264950752258,0.9022087327780398
13,0.9684476256370544,0.8952206744985923
14,0.9498339891433716,0.8917075460252663
15,0.9049232006072998,0.8917075460252663
16,0.8926975131034851,0.9056847884327613
17,0.8933117985725403,0.90546788794074
18,0.8637437224388123,0.9059919864728471
19,0.8410030007362366,0.9169907504729872
20,0.8065670728683472,0.9270971151568167
21,0.7735600471496582,0.9237344490394722
22,0.7619163990020752,0.9202143772176615
23,0.7247686982154846,0.9269941961930274
24,0.7024399042129517,0.9305459792502565
25,0.6712984442710876,0.9305459792502565
26,0.652920663356781,0.9405523829435842
27,0.6335575580596924,0.9473481578035671
28,0.6081869602203369,0.950817709496469
29,0.5976248979568481,0.950817709496469
30,0.5684224367141724,0.950817709496469
31,0.544644832611084,0.950817709496469
32,0.5285120010375977,0.9541006944317916
33,0.5111610889434814,0.9575510204081633
34,0.4954552948474884,0.9542653035190348
35,0.47877293825149536,0.9478053555639763
36,0.4604645371437073,0.944573414650141
37,0.4489215016365051,0.9478053555639763
38,0.43931400775909424,0.9478053555639763
39,0.414778470993042,0.9478053555639763
40,0.41200029850006104,0.9478053555639763
41,0.40214911103248596,0.9478053555639763
42,0.39183250069618225,0.9478053555639763
43,0.38404324650764465,0.9478053555639763
44,0.38848602771759033,0.944573414650141
45,0.3771013915538788,0.9478053555639763
46,0.37545907497406006,0.9510358323281721
47,0.37100520730018616,0.9510907003444317
48,0.36854323744773865,0.9575784097069772
49,0.37133046984672546,0.9542346934725211
50,0.369355708360672,0.9542346934725211
51,0.3721250295639038,0.9543573991798854
52,0.36621201038360596,0.9446280121384746
53,0.3653032183647156,0.9446280121384746
54,0.3604569137096405,0.9478715929967271
55,0.3656214773654938,0.9511145691499708
56,0.3644176721572876,0.9511145691499708
57,0.3655361235141754,0.947714961630347
58,0.3585242033004761,0.9478460396646952
59,0.35629260540008545,0.9478460396646952
60,0.3568117022514343,0.9478715929967271
61,0.35411185026168823,0.9478715929967271
62,0.3564187288284302,0.9476417233560092
63,0.3540295958518982,0.9442829848039572
64,0.3554925322532654,0.9375080530859425
65,0.3567211925983429,0.9375080530859425
66,0.35560616850852966,0.9375080530859425
67,0.3499247431755066,0.9375080530859425
68,0.35326701402664185,0.9407822383225716
69,0.35098302364349365,0.9409070537128853
70,0.35208427906036377,0.9373671400494752
71,0.35015472769737244,0.9340589569160999
72,0.34998297691345215,0.9342328389127603
73,0.3480952978134155,0.9376063819974231
74,0.3493654131889343,0.9410192536039056
75,0.34798890352249146,0.9442828635103635
76,0.34516045451164246,0.9476417233560092
77,0.3455992043018341,0.9444229756552032
78,0.351958304643631,0.9476590712446441
79,0.34785452485084534,0.9442828635103635
80,0.34326642751693726,0.940868778636462
81,0.3471240997314453,0.9373864491539825
82,0.3460856080055237,0.9273592992684666
83,0.3484129011631012,0.9273592992684666
84,0.3458508849143982,0.9273592992684666
85,0.3482069969177246,0.9339840105576641
86,0.3431018590927124,0.9339840105576641
87,0.34278684854507446,0.940868778636462
88,0.3427059054374695,0.940868778636462
89,0.34503352642059326,0.940868778636462
90,0.3448864817619324,0.9441297591297593
91,0.3415223956108093,0.9308062218433303
92,0.34372493624687195,0.9341130760562946
93,0.3430694043636322,0.9374534508290244
94,0.33916807174682617,0.940868778636462
95,0.34118664264678955,0.940868778636462
96,0.3409973084926605,0.940868778636462
97,0.34619858860969543,0.940868778636462
98,0.34454309940338135,0.9372947422947423
99,0.34286022186279297,0.9372947422947423
100,0.34231534600257874,0.9340363654018886
101,0.3393019437789917,0.9340363654018886
102,0.34123194217681885,0.9307089473353338
103,0.3464396595954895,0.9305789550484512
104,0.339537650346756,0.9305150757990779
105,0.33834031224250793,0.9238269110902938
106,0.3370131254196167,0.9305150757990779
107,0.34245291352272034,0.9306170071906607
108,0.33891963958740234,0.9340363654018886
109,0.3368808627128601,0.9341923677541777
110,0.33959299325942993,0.941163520424351
111,0.339062362909317,0.941163520424351
112,0.33902043104171753,0.9374534508290244
113,0.33803245425224304,0.9338739240152226
114,0.3419683873653412,0.9305150757990779
115,0.33889010548591614,0.9271736893866116
116,0.3407881259918213,0.9338515680453444
117,0.33775585889816284,0.9206773618538323
118,0.3379780650138855,0.92735886358324
119,0.33716946840286255,0.9274433656957929
120,0.33712831139564514,0.9344989353996235
121,0.3352483808994293,0.9377351813543161
122,0.33812248706817627,0.9274433656957929
123,0.33882057666778564,0.9271991689902137
124,0.33940765261650085,0.9237372632697731
125,0.33814579248428345,0.9270962723802745
126,0.33822503685951233,0.9274433656957929
127,0.3360210657119751,0.9210159839513362
128,0.34084784984588623,0.9210159839513362
129,0.33963626623153687,0.9240087798311464
130,0.34245795011520386,0.9270863225996347
131,0.3373701870441437,0.9203591402786532
132,0.34198012948036194,0.9203591402786532
133,0.34237363934516907,0.9304418761315313
134,0.3366880416870117,0.9139930685767524
135,0.3382227420806885,0.9107221898660454
136,0.3383781909942627,0.9141570432317109
137,0.34169113636016846,0.9240087798311464
138,0.3359997272491455,0.9240087798311464
139,0.3370128870010376,0.927194860293798
140,0.3347689211368561,0.9272500038236573
141,0.33074524998664856,0.9240087798311464
142,0.33591192960739136,0.9240087798311464
143,0.3358093500137329,0.9240087798311464
144,0.33565348386764526,0.9240087798311464
145,0.3331530690193176,0.9272500038236573
146,0.33436429500579834,0.9270962723802745
147,0.3349178433418274,0.9271375764474182
148,0.33338308334350586,0.9271375764474182
1,1.1658191680908203,0.16166666666666665
2,1.1633892059326172,0.16166666666666665
3,1.1183571815490723,0.1686725063483792
4,1.099118947982788,0.4180984455374699
5,1.1151002645492554,0.41980688110521763
6,1.094678282737732,0.35026257742448763
7,1.0700527429580688,0.4461470131023762
8,1.0442290306091309,0.552538543328017
9,1.009300708770752,0.659281649095142
10,0.9715871214866638,0.7722615057974819
11,0.9074702262878418,0.8471436239552181
12,0.8636021018028259,0.8812182887283656
13,0.7990307807922363,0.8680769291504049
14,0.7717949748039246,0.8746855252326853
15,0.7273439168930054,0.8877079625242347
16,0.7081848382949829,0.8844625306394422
17,0.6861050128936768,0.8706130719860697
18,0.6723807454109192,0.8772597828070091
19,0.6533427834510803,0.9074055829228244
20,0.6265490651130676,0.9109166240482874
21,0.6139804124832153,0.9243185550082101
22,0.604493260383606,0.9210166310748722
23,0.5821325778961182,0.9177110383044128
24,0.58339524269104,0.9182220530363668
25,0.5753688216209412,0.9251326259946949
26,0.5613652467727661,0.921874715386437
27,0.5587888956069946,0.9251267479067621
28,0.5610138773918152,0.9218485537451055
29,0.5568326711654663,0.921874715386437
30,0.5525050759315491,0.9218870454164572
31,0.5495538711547852,0.9218870454164572
32,0.5405729413032532,0.9186099826661124
33,0.5451445579528809,0.9283961271529494
34,0.5429061055183411,0.9250874186040798
35,0.5411508083343506,0.92512592166932
36,0.5302020311355591,0.9284022286724719
37,0.5209373235702515,0.9315702467275123
38,0.5230246782302856,0.9315994583464007
39,0.5243805050849915,0.9282998924789969
40,0.5114721059799194,0.9376394336691871
41,0.5091732740402222,0.9280683779617682
42,0.5058374404907227,0.921874715386437
43,0.5146600008010864,0.9251267479067621
44,0.4963557720184326,0.9283629938614547
45,0.5082219243049622,0.9283629938614547
46,0.5080732703208923,0.9283629938614547
47,0.505495548248291,0.9251076573327213
48,0.4969260096549988,0.9219230250916121
49,0.4975074529647827,0.9251643811821354
50,0.48967835307121277,0.9251643811821354
51,0.49561530351638794,0.9251515661791263
52,0.495956152677536,0.9251643811821354
53,0.4892224073410034,0.9251643811821354
54,0.4867779612541199,0.9216565381234479
55,0.4939118027687073,0.9181604751686674
56,0.4896129071712494,0.91794327587144
57,0.48857998847961426,0.9212337572156973
58,0.4913530945777893,0.9212785156606658
59,0.48708468675613403,0.9245565548241722
60,0.4830002784729004,0.9179961787255403
61,0.4863349199295044,0.9212337572156973
62,0.4757383167743683,0.91794327587144
63,0.48690950870513916,0.9180945997680313
64,0.4882623255252838,0.9216109693360878
65,0.4895700216293335,0.9216109693360878
66,0.47768425941467285,0.92512592166932
67,0.48142921924591064,0.9282998924789969
68,0.48542410135269165,0.9247845804988661
69,0.48254889249801636,0.9212677682182567
70,0.4817126989364624,0.9245700661436702
71,0.4831583499908447,0.9311612614950895
72,0.4757744073867798,0.9312336894643954
73,0.4851992130279541,0.9344511091047266
74,0.47675901651382446,0.9278677386204471
75,0.47807803750038147,0.9212677682182567
76,0.4679224491119385,0.9245700661436702
77,0.47386762499809265,0.9278677386204471
78,0.4838326573371887,0.9312177481285114
79,0.4707409143447876,0.9347018771325807
80,0.4837573766708374,0.9312177481285114
81,0.47228291630744934,0.9278677386204471
82,0.4709078371524811,0.9244200801989747
83,0.4635138213634491,0.9278677386204471
84,0.4747048616409302,0.9278677386204471
85,0.4580684304237366,0.9343434343434343
86,0.4648498594760895,0.9312626894449311
87,0.46719980239868164,0.9343434343434343
88,0.4728289842605591,0.9311612614950895
89,0.46827155351638794,0.9311612614950895
90,0.4667694568634033,0.9245700661436702
91,0.4609147310256958,0.9278677386204471
92,0.4709177017211914,0.9345016633206046
93,0.47081103920936584,0.9345016633206046
94,0.4713241457939148,0.9345016633206046
95,0.4745752215385437,0.9345016633206046
96,0.4613511860370636,0.9345016633206046
97,0.45775312185287476,0.9343896164109816
98,0.46515193581581116,0.9343896164109816
99,0.46680256724357605,0.9343896164109816
100,0.4665711224079132,0.9344511091047266
101,0.46472424268722534,0.9345016633206046
102,0.46103423833847046,0.9345016633206046
103,0.4643176794052124,0.9377377545050458
104,0.45985692739486694,0.9344511091047266
105,0.4582337737083435,0.9344511091047266
106,0.46609586477279663,0.9377377545050458
107,0.4566081762313843,0.9377377545050458
108,0.4505341053009033,0.9312626894449311
109,0.4579881429672241,0.9312626894449311
110,0.4685184359550476,0.9312626894449311
111,0.45326894521713257,0.9377377545050458
112,0.4567083716392517,0.9377377545050458
113,0.45489832758903503,0.9377377545050458
114,0.450958788394928,0.9345016633206046
115,0.45722877979278564,0.9345016633206046
116,0.4570941925048828,0.9345016633206046
117,0.4615262448787689,0.9345016633206046
118,0.456525981426239,0.9343060519644197
119,0.4610074758529663,0.9242526736245328
120,0.4459109306335449,0.9310146675493853
121,0.4504562020301819,0.9312177481285114
122,0.46138378977775574,0.9345016633206046
123,0.45051586627960205,0.9379272744696584
124,0.45127975940704346,0.934660693545711
125,0.4551522731781006,0.9378955465681419
126,0.4572873115539551,0.934660693545711
127,0.4582447111606598,0.9379272744696584
128,0.45595020055770874,0.9411647585863614
129,0.4448285400867462,0.9311612614950895
130,0.457494854927063,0.9311612614950895
131,0.4526917338371277,0.9344511091047266
132,0.4510614275932312,0.9377377545050458
133,0.4579137861728668,0.9377377545050458
134,0.45240044593811035,0.9377377545050458
135,0.45000267028808594,0.9377377545050458
136,0.45281481742858887,0.9377377545050458
137,0.4519658088684082,0.9377377545050458
138,0.4464591145515442,0.9377377545050458
139,0.45459163188934326,0.9344511091047266
140,0.45206940174102783,0.9344511091047266
141,0.4505026340484619,0.9344511091047266
142,0.4474356770515442,0.9308756181687713
143,0.44678521156311035,0.9276291301148745
144,0.4456745982170105,0.9276291301148745
145,0.44958364963531494,0.9312177481285114
146,0.44497621059417725,0.9312177481285114
147,0.4465329349040985,0.9312177481285114
148,0.45580071210861206,0.9312177481285114
149,0.44847723841667175,0.9312177481285114
150,0.45115554332733154,0.927773954855536
151,0.4470943510532379,0.927773954855536
152,0.44997668266296387,0.9280203676955646
153,0.447330504655838,0.9243288000818711
154,0.43461036682128906,0.9241985195971362
155,0.44467633962631226,0.9241985195971362
156,0.45020848512649536,0.9241155859814371
157,0.4457322061061859,0.9210058730432662
158,0.45129913091659546,0.9312177481285114
159,0.4500372111797333,0.9247854481598464
160,0.45028549432754517,0.9247854481598464
161,0.4504295587539673,0.927773954855536
162,0.4547792375087738,0.9210058730432662
163,0.44461068511009216,0.9242328389127602
164,0.4443793296813965,0.9209025898724391
165,0.4425339698791504,0.9242328389127602
166,0.4436008334159851,0.9312177481285114
167,0.4533597230911255,0.9185318827109872
168,0.4432653486728668,0.924997894825481
169,0.4410744309425354,0.927773954855536
170,0.43811285495758057,0.9210699964468808
171,0.441005676984787,0.9142274906884759
172,0.44906705617904663,0.9210058730432662
173,0.4479838013648987,0.9243288000818711
174,0.4403149485588074,0.9178603342220617
175,0.44799596071243286,0.9243288000818711
176,0.4451311230659485,0.92408928346186
177,0.44962817430496216,0.9240122276810663
178,0.443923681974411,0.9142274906884759
179,0.4431421756744385,0.9177489177489178
180,0.44690752029418945,0.9211605564623087
181,0.43824338912963867,0.9281804363973438
182,0.4418158531188965,0.9314482554833017
183,0.44564688205718994,0.9314482554833017
184,0.4468318819999695,0.927773954855536
185,0.4471668004989624,0.9176788936631629
186,0.44086533784866333,0.9205134520278637
187,0.44578927755355835,0.9205982136675206
188,0.4402260184288025,0.9176788936631629
189,0.44267144799232483,0.9245395127748068
190,0.43664222955703735,0.9249375683251214
191,0.43765988945961,0.9314230546587567
192,0.4399454593658447,0.9244691459437205
193,0.4404780864715576,0.9211605564623087
194,0.43545788526535034,0.9178477078477077
195,0.4449336528778076,0.9178477078477077
196,0.439738392829895,0.9178477078477077
197,0.4462158977985382,0.9211605564623087
198,0.43941426277160645,0.9211605564623087
199,0.4380696415901184,0.9211605564623087
200,0.4436763823032379,0.9211605564623087
201,0.44358721375465393,0.9179325699560247
202,0.4444471299648285,0.9181777353754428
203,0.43665269017219543,0.924640319545822
204,0.4423093795776367,0.9211605564623087
205,0.4393981099128723,0.9178477078477077
206,0.43852418661117554,0.9178477078477077
207,0.4303189814090729,0.9178477078477077
208,0.43992507457733154,0.9211605564623087
209,0.43652456998825073,0.9145244050082174
210,0.44343775510787964,0.9145244050082174
211,0.4423835873603821,0.9179325699560247
212,0.4452749788761139,0.9211605564623087
213,0.44553637504577637,0.9210699964468808
214,0.44816386699676514,0.9210699964468808
215,0.4360992908477783,0.9245700661436702
216,0.43359437584877014,0.9245700661436702
217,0.4386187791824341,0.9281240789861479
218,0.44077250361442566,0.921433274292559
219,0.44132402539253235,0.9214104726961625
220,0.43319934606552124,0.9278677386204471
221,0.4458688497543335,0.9278677386204471
222,0.43629276752471924,0.9278677386204471
223,0.4365738332271576,0.9278677386204471
224,0.4406526982784271,0.9214616505675358
225,0.44525009393692017,0.9214616505675358
226,0.4439722001552582,0.9180178572945604
227,0.4434114396572113,0.917828137435301
228,0.43413010239601135,0.9211605564623087
1,1.0986312627792358,0.19230427441571138
2,1.0984790325164795,0.1734417344173442
3,1.0980868339538574,0.1734417344173442
4,1.0973563194274902,0.1734417344173442
5,1.0956231355667114,0.1734417344173442
6,1.0940914154052734,0.1734417344173442
7,1.0937707424163818,0.1734417344173442
8,1.0905342102050781,0.1734417344173442
9,1.086838722229004,0.1734417344173442
10,1.0821342468261719,0.1734417344173442
11,1.0801373720169067,0.19714187327823693
12,1.0691099166870117,0.19887955182072828
13,1.060232400894165,0.3106837606837607
14,1.044928789138794,0.4110233340648087
15,1.0274229049682617,0.4729504785684561
16,1.0067583322525024,0.5006420782282851
17,0.9839866757392883,0.5299478321103103
18,0.9520053863525391,0.5486369301899455
19,0.9147099256515503,0.5755821964999311
20,0.8862721920013428,0.5863395863395863
21,0.8482422828674316,0.5702191987906273
22,0.8093597888946533,0.567115034328149
23,0.7768515348434448,0.5480225988700566
24,0.7579852342605591,0.5681307977041467
25,0.7136402130126953,0.5549338163075896
26,0.7011075019836426,0.5739485247959824
27,0.6774683594703674,0.5796411933789275
28,0.6619631052017212,0.5845305353779929
29,0.6483472585678101,0.574257662835249
30,0.6278120875358582,0.5827484934584577
31,0.5867601037025452,0.582281780270348
32,0.594446063041687,0.5928315412186379
33,0.5441158413887024,0.578544061302682
34,0.5436385273933411,0.5803319209039549
35,0.5113869309425354,0.603578154425612
36,0.5001027584075928,0.5940388605923411
37,0.4722472131252289,0.5641325360787665
38,0.45080509781837463,0.5431931252826775
39,0.4401533007621765,0.5715422278452239
40,0.4083777666091919,0.5893227692888133
41,0.4003337323665619,0.5899503963793853
42,0.3779923915863037,0.5626490897677338
43,0.35184672474861145,0.5765432098765433
44,0.34572213888168335,0.5640432098765432
45,0.32560861110687256,0.578042328042328
46,0.2947264313697815,0.5731549037802564
47,0.29210859537124634,0.5875591615956728
48,0.2848270833492279,0.5716253320068
49,0.2524498999118805,0.5640841013824884
50,0.23953662812709808,0.5515401406742663
51,0.21790944039821625,0.5484799569545332
52,0.2078697830438614,0.5232568600989653
53,0.19510439038276672,0.5327561327561328
54,0.18242353200912476,0.5035224323322209
55,0.1638990193605423,0.5135642135642136
56,0.15855330228805542,0.5151515151515151
57,0.139295294880867,0.5035987404408457
58,0.1408693790435791,0.4911037050381313
59,0.11497717350721359,0.501240694789082
60,0.11244983971118927,0.5111690380507584
61,0.10308598726987839,0.501240694789082
62,0.09671688824892044,0.513937428691527
63,0.09272576868534088,0.5158746571955222
64,0.08022384345531464,0.5263519065290607
65,0.06852494180202484,0.5245590230664857
66,0.06943758577108383,0.5116282582231526
67,0.055237580090761185,0.5119047619047619
68,0.05655180662870407,0.5009120583717358
69,0.05446406826376915,0.5212191358024691
70,0.04123961925506592,0.5106591521685862
71,0.04187510535120964,0.5253514509775578
72,0.04190397635102272,0.515865921451424
73,0.03846042603254318,0.5299552906110283
74,0.0282781682908535,0.5002074314574315
75,0.03217734023928642,0.4989761604515703
76,0.023069173097610474,0.5045977011494253
77,0.02222929149866104,0.4904761904761905
78,0.018115241080522537,0.4904761904761905
79,0.021204248070716858,0.4904761904761905
80,0.018100474029779434,0.4904761904761905
81,0.01582820899784565,0.4904761904761905
82,0.01590743102133274,0.5051001821493625
83,0.01649232767522335,0.5060931899641576
84,0.011013112030923367,0.5093651136036813
85,0.011105136014521122,0.5092592592592592
86,0.013171251863241196,0.529136142873877
87,0.012613541446626186,0.5271537858513773
88,0.013270655646920204,0.513937428691527
89,0.008198059163987637,0.5242415514592934
90,0.009305455721914768,0.5242415514592934
91,0.008831735700368881,0.5242415514592934
92,0.007441936060786247,0.5245461323559796
93,0.006992406211793423,0.526057118614191
94,0.006508837919682264,0.5142751205042639
95,0.006909993477165699,0.5142751205042639
96,0.005747603252530098,0.5142751205042639
97,0.005758809857070446,0.5162048246794009
98,0.00432479428127408,0.5273658192090395
99,0.005909666419029236,0.5271740922237708
100,0.005476122722029686,0.513937428691527
101,0.005800079554319382,0.513937428691527
102,0.00482841907069087,0.513937428691527
103,0.004560715984553099,0.5039645152703377
104,0.010349313728511333,0.5039645152703377
105,0.005267960485070944,0.5156569775953296
106,0.004399057012051344,0.5156569775953296
107,0.005639283452183008,0.5156569775953296
108,0.006328940857201815,0.5169398907103825
109,0.005238927900791168,0.5275985663082438
110,0.0035039368085563183,0.5275985663082438
111,0.003619367489591241,0.5275985663082438
112,0.004613432101905346,0.5160919540229885
113,0.004967587534338236,0.5160919540229885
114,0.004683243576437235,0.5160919540229885
115,0.0033107607159763575,0.5160919540229885
116,0.004672356881201267,0.5160919540229885
117,0.0043835993856191635,0.5037388553350589
118,0.0031775771640241146,0.5037388553350589
119,0.003079191083088517,0.5037388553350589
120,0.003349015489220619,0.515458768143901
121,0.004646653309464455,0.515458768143901
122,0.0027780120726674795,0.515458768143901
123,0.0034408820793032646,0.515458768143901
124,0.0036531188525259495,0.515458768143901
125,0.003812360344454646,0.515458768143901
126,0.005338560324162245,0.515458768143901
127,0.002574475249275565,0.5275042597076496
128,0.004389508161693811,0.5275042597076496
129,0.0030809210147708654,0.5061302681992337
130,0.0032582778949290514,0.5076804915514593
131,0.0032129287719726562,0.496655257310995
132,0.003405654337257147,0.5076804915514593
133,0.0033299229107797146,0.5076804915514593
134,0.0030345639679580927,0.5061302681992337
135,0.002565639326348901,0.516949152542373
